Workbook

Sheet 표지
C2: 서울회생법원 제102단독
C3: 20**회단100*** 회생
N24: 20** | Q24: . | R24: ** | T24: . | U24: ** | W24: .
I33: 채무자(법률상관리인) ○○○

Sheet 목차
F8: 1. | G8: 자금수지표 총괄
F10: 2. | G10: 자금수지 실적 명세
F12: 3. | G12: 당해 월에 발생한 주요사항
F14: 4. | G14: 허가사항
G15: 4-1. | I15: 허가사항 (총괄)
G16: 4-2. | I16: 법원 허가사항 명세
G17: 4-3. | I17: 관리위원 허가사항 명세
F19: 5. | G19: 금원 지출 내역
G20: 5-1. | I20: 금원 지출 총괄표
G21: 5-2. | I21: 법원 허가사항 지출 내용
G22: 5-3. | I22: 관리위원 허가사항 지출 내용
G23: 5-4. | I23: 허가금액 100만원 이상 지출 내용
G24: 5-5. | I24: 허가금액 100만원 미만 지출 내용 (총괄)
G25: 5-6. | I25: 허가금액 100만원 미만 지출 내용 (세부내역)
F27: 6. | G27: 시재보유현황
G28: 6-1. | I28: 시재보유자료

Sheet 1.자금수지표총괄
A2: 1. 자금수지표 총괄
A3: (20**.**.**.부터 20**.**.**.까지) | H3: (단위 : 원)
A4: 구 분 | C4: 회 생 계 획 | F4: 실 적 | I4: 달성율 | J4: 비 고
C5: 수 입 | D5: 지 출 | E5: 이월잔액 (자금수지) | F5: 수 입 | G5: 지 출 | H5: 이월잔액 (자금수지)
A6: 전기이월잔액
A7: 1/4 분기 | B7: 1월
B8: 2월
B9: 3월
A10: 소계 | F10: =SUM(F7:F9) -> 0 | G10: =SUM(G7:G9) -> 0 | H10: =+H6+F10-G10 -> 0
A11: 2/4 분기 | B11: 4월 | H11: 1053622
B12: 5월 | F12: 746790 | G12: 1359625 | H12: =H11+F12-G12 -> 440787
B13: 6월 | F13: 3597120 | G13: 1690303 | H13: =H12+F13-G13 -> 2347604
A14: 소계 | F14: =SUM(F11:F13) -> 4343910 | G14: =SUM(G11:G13) -> 3049928 | H14: =F14-G14+H10 -> 1293982
A15: 3/4 분기 | B15: 7월
B16: 8월
B17: 9월
A18: 소계
A19: 4/4 분기 | B19: 10월
B20: 11월
B21: 12월
A22: 소계
A23: 합계 | F23: =SUM(F22,F18,F14,F10) -> 4343910 | G23: =SUM(G22,G18,G14,G10) -> 3049928 | H23: =H11+F23-G23 -> 2347604

Sheet 2.자금수지명세
A2: 2. 자금수지 실적 명세표
A3: ='1.자금수지표총괄'!$A$3 -> (20**.**.**.부터 20**.**.**.까지) | F3: (단위 : 원)
A4: 구 분 | C4: 전월실적 | D4: 금월실적 | E4: 전월대비 증감 | F4: 비 고
A6: 1. 전월이월잔액 | C6: =312837+740785 -> 1053622 | D6: =C26 -> 440787 | E6: =D6-C6 -> -612835
A7: 2. 수입계 | C7: =SUM(C8:C11) -> 746790 | D7: =SUM(D8:D11) -> 3597120 | E7: =D7-C7 -> 2850330
B8: 급여 | C8: 0 | D8: 2675274 | E8: =D8-C8 -> 2675274 | F8: 5월급여
B9: 국민연금 | C9: 746790 | D9: 746790 | E9: =D9-C9 -> 0
B10: 임대소득 | C10: 0 | D10: 0 | E10: =D10-C10 -> 0
B11: 기타 | C11: 0 | D11: =5+39+175000+12 -> 175056 | E11: =D11-C11 -> 175056 | F11: 예금이자 및 기타
A12: 3. 지출계 | C12: =SUM(C13:C24) -> 1359625 | D12: =SUM(D13:D24) -> 1690303 | E12: =D12-C12 -> 330678
B13: 부식비 | C13: =23000+238590 -> 261590 | D13: ='5.일일지출'!G17 -> 314880 | E13: =D13-C13 -> 53290
B14: 보험료 | C14: 617981 | D14: ='5.일일지출'!G18 -> 471023 | E14: =D14-C14 -> -146958
B15: 기타(생활비) | C15: =3234+10000+900+75920+200000 -> 290054 | D15: ='5.일일지출'!G19 -> 740900 | E15: =D15-C15 -> 450846
B16: 교통비 | C16: 0 | D16: ='5.일일지출'!G20 -> 3500 | E16: =D16-C16 -> 3500
B17: 의료비 | C17: 190000 | D17: ='5.일일지출'!G21 -> 160000 | E17: =D17-C17 -> -30000
A25: 4. 수입지출차액 | C25: =SUM(C7-C12) -> -612835 | D25: =SUM(D7-D12) -> 1906817 | E25: =D25-C25 -> 2519652
A26: 5. 차기이월잔액 | C26: =C6+C25 -> 440787 | D26: =SUM(D6+D7-D12) -> 2347604 | E26: =D26-C26 -> 1906817

Sheet 3.당월주요사항
A2: 3. 당해 월에 발생한 주요사항
A3: ='1.자금수지표총괄'!$A$3 -> (20**.**.**.부터 20**.**.**.까지)
A4: 항 목 | B4: 추진사항 및 향후 계획 | C4: 일 자
A5: 회생절차 진행 | B5: 채권자목록 제출 | C5: 20**-06-13
A14: 경영일반
B15: 임차료
A22: 기타사항

Sheet 4.허가사항
A2: 4. 허가사항
B4: 4-1. 허가사항 (총괄)
A5: ='1.자금수지표총괄'!$A$3 -> (20**.**.**.부터 20**.**.**.까지) | G5: (단위 : 원)
A6: 구 분 | C6: 내 역 | D6: 허가건수 | E6: 금 액 | G6: 비 고
A7: 법원허가 | C7: 금전관련 | D7: 0 | E7: =G23 -> 0
C8: 기 타 | D8: 0 | E8: 0
C9: 소 계 | D9: =SUM(D7:D8) -> 0 | E9: =SUM(E7:F8) -> 0
A10: 관리위원 허가위임 | C10: 금전관련
C11: 기 타 | D11: 0 | E11: 0
C12: 소 계 | D12: =SUM(D10:D11) -> 0 | E12: =SUM(E10:F11) -> 0
A13: 합계 | C13: 금전관련 | D13: =SUM(D7,D10) -> 0 | E13: =SUM(E7,E10) -> 0
C14: 기 타 | D14: =SUM(D8,D11) -> 0 | E14: =SUM(E8,E11) -> 0
C15: 소 계 | D15: =SUM(D13:D14) -> 0 | E15: =SUM(E13:F14) -> 0
A16: 주) 접수취하문서와 당월에 허가신청을 하였더라도 익월에 허가된 사항은 제외하였습니다.
B18: 4-2. 법원허가사항 명세
A19: ='1.자금수지표총괄'!$A$3 -> (20**.**.**.부터 20**.**.**.까지) | G19: (단위 : 원)
A20: 년월일 | C20: 문서번호 | D20: 제 목 | G20: 금 액
A23: 합계 | G23: =SUM(G21:G22) -> 0
B25: 4-3. 관리위원 허가사항 명세
A26: ='1.자금수지표총괄'!$A$3 -> (20**.**.**.부터 20**.**.**.까지) | G26: (단위 : 원)
A27: 년월일 | C27: 문서번호 | D27: 제 목 | G27: 금 액
A32: 합 계 | G32: =G28 -> 0

Sheet 5.지출내역
A2: 5. 금원 지출 내역
A4: 5-1. 금원 지출 총괄표
A5: ='1.자금수지표총괄'!$A$3 -> (20**.**.**.부터 20**.**.**.까지) | G5: (단위 : 원)
A6: 구 분 | D6: 건 수 | E6: 금 액 | G6: 비 고
A7: (1) | B7: 법원 허가사항 | D7: - | E7: =E19 -> 0
A8: (2) | B8: 관리위원 허가사항 | D8: - | E8: 0
A9: (3) | B9: 허가금액이상 지출 (100만원 이상) | D9: - | E9: ='5.일일지출'!G10 -> 0
A10: (4) | B10: 허가금액미만 지출 (100만원 미만) | D10: ='5.일일지출'!F26 -> 21 | E10: ='5.일일지출'!G26 -> 1690303
A11: 합 계 | D11: =SUM(D7:D10) -> 21 | E11: =SUM(E7:F10) -> 1690303
A13: 5-2. 법원 허가사항 지출 내용
A14: ='1.자금수지표총괄'!$A$3 -> (20**.**.**.부터 20**.**.**.까지) | G14: (단위 : 원)
A15: 번호 | B15: 임차료 | C15: 거래처 및 내용 | D15: 건수 | E15: 지출금액 | G15: 문서번호
A19: 합 계
A21: 5-3. 관리위원 허가사항 지출 내용
A22: ='1.자금수지표총괄'!$A$3 -> (20**.**.**.부터 20**.**.**.까지) | G22: (단위 : 원)
A23: 번호 | B23: 지출일자 | C23: 거래처명 | D23: 적요 | E23: 지출금액 | G23: 문서번호
A24: 1
A25: 2
A26: 3
A32: 합 계 | E32: =SUM(E24:F31) -> 0

Sheet 5.일일지출
A2: 5. 금원 지출 내역
A4: 5-4. 100만원 이상 지출 내용
A5: ='1.자금수지표총괄'!$A$3 -> (20**.**.**.부터 20**.**.**.까지) | G5: (단위 : 원)
A6: 번호 | B6: 지출일자 | C6: 거래처 | D6: 내 용 | F6: 건 수 | G6: 지출금액
A7: 1
A8: 2
A9: 3
A10: 합 계
A12: 5-5. 100만원 미만 지출 내용 (총괄)
A13: ='1.자금수지표총괄'!$A$3 -> (20**.**.**.부터 20**.**.**.까지) | G13: (단위 : 원)
A14: 계정과목 | C14: 거래처 | D14: 내 용 | F14: 건 수 | G14: 지출금액
F16: =COUNTIF($C$38:$C$40,A16) -> 0 | G16: =SUMIF($C$38:$C$40,A16,$G$38:$G$40) -> 0
A17: 부식비 | C17: **밥상 외 | D17: 식대 및 식자재 구매 | F17: =COUNTIF($C$31:$C$104,A17) -> 4 | G17: =SUMIF($C$31:$C$104,A17,$G$31:$G$104) -> 314880
A18: 보험료 | C18: ABL생명 외 | D18: 보험료 자동이체 | F18: =COUNTIF($C$31:$C$104,A18) -> 9 | G18: =SUMIF($C$31:$C$104,A18,$G$31:$G$104) -> 471023
A19: 기타(생활비) | C19: 농협 외 | D19: 의복비 및 기타 생활비 | F19: =COUNTIF($C$31:$C$51,A19) -> 5 | G19: =SUMIF($C$31:$C$104,A19,$G$31:$G$104) -> 740900
A20: 교통비 | C20: ***상가관리 외 | D20: 주차비 | F20: =COUNTIF($C$31:$C$104,A20) -> 2 | G20: =SUMIF($C$31:$C$104,A20,$G$31:$G$104) -> 3500
A21: 의료비 | C21: ***인터내셔널 | D21: 건강보조식품 구매 | F21: =COUNTIF($C$31:$C$104,A21) -> 1 | G21: =SUMIF($C$31:$C$104,A21,$G$31:$G$104) -> 160000
F22: =COUNTIF($C$31:$C$104,A22) -> 0 | G22: =SUMIF($C$31:$C$104,A22,$G$31:$G$104) -> 0
F23: =COUNTIF($C$31:$C$104,A23) -> 0 | G23: =SUMIF($C$31:$C$104,A23,$G$31:$G$104) -> 0
F24: =COUNTIF($C$38:$C$40,A24) -> 0 | G24: =SUMIF($C$31:$C$104,A24,$G$31:$G$104) -> 0
F25: =COUNTIF($C$38:$C$40,A25) -> 0 | G25: =SUMIF($C$38:$C$40,A25,$G$38:$G$40) -> 0
A26: 합 계 | F26: =SUM(F17:F21) -> 21 | G26: =SUM(G15:G25) -> 1690303
A28: 5-6. 100만원 미만 지출 내용 (세부내역)
A29: ='1.자금수지표총괄'!$A$3 -> (20**.**.**.부터 20**.**.**.까지) | G29: (단위 : 원)
A30: 번호 | B30: 지출일자 | C30: 계정과목 | D30: 거래처명 | E30: 적 요 | G30: 지출금액
A31: 1 | B31: 44719 | C31: 부식비 | D31: **밥상 | E31: 농협(***1777***823) | G31: 61000
A32: 2 | B32: 44722 | C32: 기타(생활비) | D32: 농협 | E32: SMS 통지수수료 | G32: 900
A33: 3 | B33: 44722 | C33: 보험료 | D33: ***생명 | E33: 농협(***1777***823) | G33: 20380
A34: 4 | B34: 44722 | C34: 보험료 | D34: ***생명 | E34: 농협(***1777***823) | G34: 75630
A35: 5 | B35: 44722 | C35: 보험료 | D35: ***생명 | E35: 농협(***1777***823) | G35: 65840
A36: 6 | B36: 44722 | C36: 보험료 | D36: ***생명 | E36: 농협(***1777***823) | G36: 16960
A37: 7 | B37: 44722 | C37: 보험료 | D37: **현대** | E37: 농협(***1777***823) | G37: 6730
A38: 8 | B38: 44727 | C38: 보험료 | D38: ****손해보험 | E38: 우리은행(****060****152) | G38: 29830
A39: 9 | B39: 44727 | C39: 보험료 | D39: ***생명 | E39: 농협(***1777***823) | G39: 96093
A40: 10 | B40: 44728 | C40: 보험료 | D40: **손해보험㈜ | E40: 우리은행(****060****152) | G40: 159130
A41: 11 | B41: 44729 | C41: 교통비 | D41: ***상가관리 | E41: 농협(***1777***823) 주차비 | G41: 2000
A42: 12 | B42: 44730 | C42: 부식비 | D42: **난청과 | E42: 농협(***1777***823) | G42: 20000
... A51: 21 | B51: 44742 | C51: 기타(생활비) | D51: 배** | E51: 국민은행(***301****678**) 부모님 요양원 보조 | G51: 300000
A56: 합 계 | G56: =SUM(G31:G55) -> 1690303

Sheet 6.시재
A2: 6. 시재보유 현황 | C2: (2022.06.30. 기준)
A4: 순번 | B4: 보관장소 | C4: 계좌번호 | D4: 잔 액(원) | E4: 비 고
A5: 1 | B5: **은행 | C5: ***301-**-5678** | D5: 1825165 | E5: 주거래계좌
A6: 2 | B6: **은행 | C6: ***2-0**-652*** | D6: 515620 | E6: 국민연금계좌
A7: 3 | B7: *협 | C7: ***-**77-****-** | D7: 6819 | E7: 주거래계좌
A8: 합 계 | D8: =SUM(D5:D7) -> 2347604
A10: 6-1. 시재보유자료
A12: 순번 | B12: 거래은행 | C12: 계좌번호 | D12: 잔 액(원) | E12: 비 고
A13: 1 | B13: =B7 -> *협 | C13: =C7 -> ***-**77-****-** | D13: =D8 -> 2347604 | E13: 주거래계좌
A14: 2 | B14: 현 금 | D14: 0
A15: 합 계 | D15: =SUM(D13:D14) -> 2347604
A18: 별첨 서류 | B18: 1. 은행거래내역서 1부

Sheet 국민(846)_신고계좌
A1: 조회기간 | B1: 20**.06.01 ~ 20**.06.30
A2: 계좌번호 | B2: ****01-04-56**** | E2: 총잔액 | F2: 819595
A3: 예금종류 | B3: ＫＢ ａｂｌｅ Ｐｌｕｓ통장 | E3: 출금가능금액 | F3: 819595
A5: 거래일시 | B5: 적요 | C5: 보낸분/받는분 | D5: 송금메모 | E5: 출금액 | F5: 입금액 | G5: 잔액 | H5: 거래점 | I5: 구분
A6: 2022.06.30 10:07:29 | B6: 스마트출금 | C6: 배** | E6: 300000 | F6: 0 | G6: 1825165 | H6: 안성
A7: 2022.06.29 17:30:51 | B7: 체크카드 | C7: ㈜**푸드 | E7: 177840 | F7: 0 | G7: 2125165 | H7: KB카드
A8: 2022.06.29 10:31:01 | B8: 체크카드 | C8: ****하나로마트 | E8: 56040 | F8: 0 | G8: 2303005 | H8: KB카드
A9: 2022.06.29 10:11:49 | B9: 체크카드 | C9: ***인터내셔널 | E9: 160000 | F9: 0 | G9: 2359045 | H9: KB카드
A10: 2022.06.29 10:02:48 | B10: ATM출금 | E10: 200000 | F10: 0 | G10: 2519045 | H10: 안성
A11: 2022.06.29 09:55:32 | B11: 대체출금 | C11: 재발행수수료 | E11: 3000 | F11: 0 | G11: 2719045 | H11: 안성
A12: 2022.06.28 18:08:02 | B12: 전자금융 | C12: 5월급여 | E12: 0 | F12: 2675274 | G12: 2722045 | H12: **은행
A13: 2022.06.11 00:54:51 | B13: 결산이자 | C13: 이자세금:원 | E13: 0 | F13: 1 | G13: 46771 | H13: 안성
A14: 2022.06.02 18:41:49 | B14: 증권입금 | C14: 기타입금 | E14: 0 | F14: 4 | G14: 46770 | H14: 기업2
D15: 합계 | E15: =SUM(E6:E14) -> 896880 | F15: =SUM(F6:F14) -> 2675279

Sheet 우리(152_국민연금)
A1: 은행명 | B1: 우리
A2: 계좌명 | B2: 국민연금안심저축예금(압류방지통장)
A3: 계좌번호 | B3: 1002060*********
A4: 총 잔액 | B4: 515,620 원 | D4: 출금가능금액 | E4: 515,620 원
A6: 거래일시 | B6: 적요 | C6: 보낸분/받는분 | D6: 출금액(원) | E6: 입금액(원) | F6: 잔액(원)
A7: 2022.06.28 16:02:13 | B7: 출금 | C7: ****텔수원영 | D7: 237000 | E7: 0 | F7: 515620
A8: 2022.06.24 03:02:34 | B8: 입금 | C8: 국민연금드림 | D8: 0 | E8: 746790 | F8: 752620
A9: 2022.06.20 07:21:20 | B9: 출금 | C9: **손해보험 주 | D9: 430 | E9: 0 | F9: 5830
A10: 2022.06.18 08:34:42 | B10: 입금 | C10: 예금결산이자 | D10: 0 | E10: 39 | F10: 6260
A11: 2022.06.16 14:56:45 | B11: 출금 | C11: **손해보험 주 | D11: 159130 | E11: 0 | F11: 6221
A12: 2022.06.15 10:19:24 | B12: 출금 | C12: ****손해보험 | D12: 29830 | E12: 0 | F12: 165351
C13: 합계 | D13: =SUM(D7:D12) -> 426390 | E13: =SUM(E7:E12) -> 746829

Sheet 농협(823)
B1: 입출금거래내역
B2: 입출금 거래내역은 입출금한 내용을 한번에 확인할 수 있습니다.
B3: 현재시간 : 20**년 07월 15일 09시 50분 36초
B4: 계좌번호 | D4: ****-1**7-******-23 | F4: 예금종류 | G4: 자립예탁금
B5: 예금주명 | D5: *** | F5: 통장잔액 | G5: 6819
B6: 조회시작일 | D6: 2022/06/01 | F6: 조회종료일 | G6: 2022/06/30
J7: (단위: 원)
B8: 순번 | C8: 거래일시 | D8: 출금금액 | E8: 입금금액 | F8: 거래후잔액 | G8: 거래내용 | H8: 거래기록사항 | I8: 거래점 | J8: 이체메모
B9: 4 | C9: 2022/06/26 10:33:26 | E9: 12 | F9: =F10+E9 -> 6819 | G9: 예금이자 | I9: 농협 237095
B10: 5 | C10: 2022/06/25 19:41:49 | D10: 1500 | F10: =F11-D10 -> 6807 | G10: NH체크 | H10: ****시장상인회 | I10: 농협 237095
B11: 6 | C11: 2022/06/18 11:52:02 | D11: 20000 | F11: =F12-D11 -> 8307 | G11: NH체크 | H11: ***청과 | I11: 농협 237095
B12: 7 | C12: 2022/06/17 19:06:20 | D12: 2000 | F12: =F13-D12 -> 28307 | G12: NH체크 | H12: ***상가관리단 | I12: 농협 237095
B13: 8 | C13: 2022/06/15 19:14:07 | D13: 96093 | F13: =F14-D13 -> 30307 | G13: 보험료 | H13: ***0603건 | I13: 농협 000033
B14: 11 | C14: 2022/06/10 19:13:52 | D14: 6730 | F14: =F15-D14 -> 126400 | G14: 대출이자 | H14: **현대** | I14: 농협 000083
B15: 12 | C15: 2022/06/10 19:07:34 | D15: 16960 | F15: =F16-D15 -> 133130 | G15: 보험료 | H15: ***생명06025 | I15: 농협 000058
B16: 13 | C16: 2022/06/10 19:07:34 | D16: 65840 | F16: =F17-D16 -> 150090 | G16: 보험료 | H16: ***생명06025 | I16: 농협 000058
B17: 14 | C17: 2022/06/10 19:07:34 | D17: 75630 | F17: =F18-D17 -> 215930 | G17: 보험료 | H17: ***생명06025 | I17: 농협 000058
B18: 15 | C18: 2022/06/10 19:07:34 | D18: 20380 | F18: =F19-D18 -> 291560 | G18: 보험료 | H18: ***생명06025 | I18: 농협 000058
B19: 16 | C19: 2022/06/10 07:29:59 | D19: 900 | F19: =F20-D19 -> 311940 | G19: 통지수수료 | H19: UMS수수료 | I19: 농협 237095
B20: 17 | C20: 2022/06/07 15:31:11 | E20: 175000 | F20: =F21+E20 -> 312840 | G20: 폰국민은행 | H20: 박** | I20: 국민 0042709
B21: 18 | C21: 2022/06/03 12:55:39 | D21: 61000 | F21: 137840 | G21: NH체크 | H21: **밥상 | I21: 농협 237095
B22: · 고객님이 요청하신 대로 위와 같이 처리되었습니다. · 본 확인증은 고객님의 편의를 위하여 제공되는 것으로 법적 효력은 없습니다. · 농협 인터넷뱅킹을 이용해 주셔서 대단히 감사합니다.
