Workbook
Name 기업기업: '2-1.자금수지표(총괄)'!#REF!
Name 기업은행: '2-1.자금수지표(총괄)'!#REF!
Name 입금실적: '5.허가사항 내역'!#REF!
Name 입금실적: '3,4 어음수표 및 주요 업무사항'!#REF!
Name 입금실적: '3,4 어음수표 및 주요 업무사항'!#REF!
Name 입금실적: '3,4 어음수표 및 주요 업무사항'!#REF!
Name 입금실적: '3,4 어음수표 및 주요 업무사항'!#REF!
Name 입금실적: '3,4 어음수표 및 주요 업무사항'!#REF!
Name 통장: '2-1.자금수지표(총괄)'!#REF!
Name 통장: '2-1.자금수지표(총괄)'!#REF!
Name 통장: '2-1.자금수지표(총괄)'!#REF!
Name 통장: '2-1.자금수지표(총괄)'!#REF!
Name 통장: '2-1.자금수지표(총괄)'!#REF!
Name 통장: '2-1.자금수지표(총괄)'!#REF!
Name 허가사항내역: '2-1.자금수지표(총괄)'!#REF!
Name 허가사항내역: '2-1.자금수지표(총괄)'!#REF!
Name 허가사항내역: '2-1.자금수지표(총괄)'!#REF!
Name 허가사항내역: '2-1.자금수지표(총괄)'!#REF!
Name 허가사항내역: '2-1.자금수지표(총괄)'!#REF!
Name 현금: '2-1.자금수지표(총괄)'!#REF!
Name 현금: '2-1.자금수지표(총괄)'!#REF!
Name 현금: '2-1.자금수지표(총괄)'!#REF!
Name 현금: '2-1.자금수지표(총괄)'!#REF!
Name 현금: '2-1.자금수지표(총괄)'!#REF!
Name 현금: '2-1.자금수지표(총괄)'!#REF!

Sheet 표지
B2: 서울회생법원 제**부(나) | H2: 법원용
B3: 20** 간회합100*** 간이회생
B4: 20**. **. **. 회생절차 개시결정
B5: 20**. **. **. 회생계획 인가결정
B6: 월간보고서 (20**. 04.)
B9: 채무자 ㈜****** 법률상관리인 사내이사 * * *

Sheet 목차
A1: 1. 매출실적 및 입금실적 | B1: 1
A2: 2. 자금수지표(총괄)
A3: 2-1. 자금수지표(총괄) | B3: 2
A4: 2-2. 자금수지 실적명세표 | B4: 3
A5: 3. 어음 · 수표 발행현황(해당없음)
A6: 3-1. 어음 발행현황 | B6: 4
A7: 3-2. 수표 발행현황 | B7: 4
A8: 3-3. 당월 말 잔액의 월별 만기도래액 | B8: 4
A9: 4. 주요 업무사항
A10: 4-1. 매출실적 현황 | B10: 4~5
A11: 4-2. 입금실적 현황 | B11: 5
A12: 4-3. 회생절차진행 | B12: 5
A13: 5. 허가사항 내역
A14: 5-1. 허가사항 총괄표 | B14: 6
A15: 5-2. 법원허가사항 명세 | B15: 6
A16: 5-3. 관리위원 허가사항 명세 | B16: 6
A17: 6. 금원지출 내역
A18: 6-1. 금원지출 총괄표 | B18: 7
A19: 6-2. 법원 허가사항 지출 | B19: 7
A20: 6-3. 관리위원 허가사항 지출 | B20: 7
A21: 6-4. 300만원 초과 지출 내역 | B21: 7
A22: 6-5. 300만원 이하 지출 내역 | B22: 8~14
A23: 7. 공익채권 현황표 | B23: 15
A24: 8. 시재보유 현황 | B24: 16
A25: 9. 첨부서류
A26: - 20**년 4월 통장 사본

Sheet 1. 매출실적과 입금실적(전체)
B1: 1. 매출실적과 입금실적 | W1: 월별 매출액 입금 현황
B2: (20**. 04. 01. ~ 20**. 04. 30.) | W2: 년월 | X2: 매출입급 합계 | Y2: 입급 합계 | Z2: 출금합계 | AA2: NH 5353-83 | AD2: NH 5360-63 | AG2: NH 8661-53 | AJ2: SHB | AM2: KB | AP2: HANA | AS2: IBK
M3: (단위 : 원) | AA3: 매출입금 | AB3: 예금이자 등 기타 | AC3: 출금 | AD3: 매출입금 | AE3: 예금이자 등 기타 | AF3: 출금 | AG3: 매출입금 | AH3: 예금이자 등 기타 | AI3: 출금 | AJ3: 매출입금 | AK3: 예금이자 등 기타 | AL3: 출금 | AM3: 매출입금 | AN3: 예금이자 등 기타 | AO3: 출금 | AP3: 매출입금 | AQ3: 예금이자 등 기타 | AR3: 출금 | AS3: 매출입금 | AT3: 예금이자 등 기타 | AU3: 출금
B4: 구 분 | D4: 매 출 실 적 | I4: 입 금 실 적 | Q4: 구분 | R4: 1차연도(2021년) | W4: 2019-1월 | X4: =AA4+AD4+AG4+AJ4+AM4+AP4+AS4 -> 212656140 | Y4: =AA4+AB4+AD4+AE4+AG4+AH4+AJ4+AK4+AM4+AN4+AP4+AQ4+AS4+AT4 -> 233987005 | Z4: =AC4+AF4+AI4+AL4+AO4+AR4+AU4 -> 235319933 | AD4: 0 | AE4: 0 | AF4: 0 | AG4: 0 | AH4: 0 | AI4: 0 | AJ4: 113493220 | AK4: 12700000 | AL4: 171512171 | AM4: 8079000 | AO4: 20011690 | AR4: 20 | AS4: 91083920 | AT4: 8630865 | AU4: 43796052
D5: 20**년 | E5: 20**년 | G5: 달성율 | I5: 20**년 | J5: 20**년 | L5: 달성율 | R5: 회생계획 | T5: 기초현금 | U5: =R17 -> 9277573 | W5: 2019-2월 | X5: =AA5+AD5+AG5+AJ5+AM5+AP5+AS5 -> 169118080 | Y5: =AA5+AB5+AD5+AE5+AG5+AH5+AJ5+AK5+AM5+AN5+AP5+AQ5+AS5+AT5 -> 175519881 | Z5: =AC5+AF5+AI5+AL5+AO5+AR5+AU5 -> 173814024 | AD5: 0 | AE5: 0 | AF5: 0 | AG5: 0 | AH5: 0 | AI5: 0 | AJ5: 154789950 | AK5: 6250000 | AL5: 152286333 | AO5: 11957760 | AS5: 14328130 | AT5: 151801 | AU5: 9569931
D6: 실적 | E6: 회생 계획 | F6: 실적 | G6: 전년 대비 | H6: 회생계획 대비 | I6: 실적 | J6: 회생 계획 | K6: 실적 | L6: 전년 실적 | M6: 회생계획 대비 | Q6: 매출액 | R6: 1663917476 | W6: 2019-3월 | X6: =AA6+AD6+AG6+AJ6+AM6+AP6+AS6 -> 155754465 | Y6: =AA6+AB6+AD6+AE6+AG6+AH6+AJ6+AK6+AM6+AN6+AP6+AQ6+AS6+AT6 -> 160280554 | Z6: =AC6+AF6+AI6+AL6+AO6+AR6+AU6 -> 156842865 | AD6: 0 | AE6: 0 | AF6: 0 | AG6: 0 | AH6: 0 | AI6: 0 | AJ6: 92432965 | AK6: 4000000 | AL6: 137225664 | AN6: 73 | AO6: 11427700 | AQ6: 15 | AR6: 32000 | AS6: 63321500 | AT6: 526001 | AU6: 8157501
Q7: 매출원가 | R7: 1520618605 | T7: 월 수입 | U7: =R6+R21+R27+R28+R20+R29 -> 1685272347 | W7: 2019-4월 | X7: =AA7+AD7+AG7+AJ7+AM7+AP7+AS7 -> 189600180 | Y7: =AA7+AB7+AD7+AE7+AG7+AH7+AJ7+AK7+AM7+AN7+AP7+AQ7+AS7+AT7 -> 200650180 | Z7: =AC7+AF7+AI7+AL7+AO7+AR7+AU7 -> 206048154 | AD7: 0 | AE7: 0 | AF7: 0 | AG7: 0 | AH7: 0 | AI7: 0 | AJ7: 84019170 | AK7: 11050000 | AL7: 192912204 | AM7: 8600000 | AO7: 1000900 | AR7: 40 | AS7: 96981010 | AU7: 12135010
B8: 1 | C8: 1월 | D8: 66443325 | E8: 30198320 | F8: 30198320 | G8: =F8/D8 -> 0.45449742 | H8: =F8/E8 -> 1 | I8: 98132973 | J8: 30198320 | K8: 23611690 | L8: =K8/I8 -> 0.24060914 | M8: =K8/J8 -> 0.78188754 | Q8: (매출원가율) | R8: =R7/R6 -> 0.91387862 | W8: 2019-5월 | X8: =AA8+AD8+AG8+AJ8+AM8+AP8+AS8 -> 217581573 | Y8: =AA8+AB8+AD8+AE8+AG8+AH8+AJ8+AK8+AM8+AN8+AP8+AQ8+AS8+AT8 -> 220779143 | Z8: =AC8+AF8+AI8+AL8+AO8+AR8+AU8 -> 219618797 | AD8: 0 | AE8: 0 | AF8: 0 | AG8: 0 | AH8: 0 | AI8: 0 | AJ8: 185583498 | AK8: 3189490 | AL8: 201368542 | AM8: 1123250 | AO8: 11949350 | AS8: 30874825 | AT8: 8080 | AU8: 6300905
C9: 2월 | D9: 100904816 | E9: =ROUND($R$6/11,0) -> 151265225 | F9: 36754325 | G9: =F9/D9 -> 0.36424748 | H9: =F9/E9 -> 0.24297934 | I9: 79494567 | J9: =ROUND($R$6/11,0) -> 151265225 | K9: 68530206 | L9: =K9/I9 -> 0.86207408 | M9: =K9/J9 -> 0.45304667 | Q9: 매출총이익 | R9: =R6-R7 -> 143298871 | T9: 월 지출 | U9: =R7+R11-R22-R23-R24-R26 -> 1645616988 | W9: 2019-6월 | X9: =AA9+AD9+AG9+AJ9+AM9+AP9+AS9 -> 150155557 | Y9: =AA9+AB9+AD9+AE9+AG9+AH9+AJ9+AK9+AM9+AN9+AP9+AQ9+AS9+AT9 -> 179060713 | Z9: =AC9+AF9+AI9+AL9+AO9+AR9+AU9 -> 165947203 | AA9: 84648000 | AB9: 181 | AC9: 83907590 | AD9: 0 | AE9: 0 | AF9: 0 | AG9: 0 | AH9: 0 | AI9: 0 | AJ9: 31110607 | AK9: 28702464 | AL9: 50301039 | AN9: 3 | AO9: 900 | AQ9: 8 | AS9: 34396950 | AT9: 202500 | AU9: 31737674
B10: / | C10: 3월 | D10: 139997112 | E10: =ROUND($R$6/11,0) -> 151265225 | F10: 132265225 | G10: =F10/D10 -> 0.9447711 | H10: =F10/E10 -> 0.87439281 | I10: 71367273 | J10: =ROUND($R$6/11,0) -> 151265225 | K10: 113474428 | L10: =K10/I10 -> 1.5900065 | M10: =K10/J10 -> 0.75016864 | Q10: (매출총이익율) | R10: =R9/R6 -> 0.086121381 | T10: 법인세비용 | U10: 0 | W10: 2019-7월 | X10: =AA10+AD10+AG10+AJ10+AM10+AP10+AS10 -> 258797709 | Y10: =AA10+AB10+AD10+AE10+AG10+AH10+AJ10+AK10+AM10+AN10+AP10+AQ10+AS10+AT10 -> 296290686 | Z10: =AC10+AF10+AI10+AL10+AO10+AR10+AU10 -> 304701635 | AA10: 249721570 | AB10: 37492710 | AC10: 304701615 | AD10: 0 | AE10: 0 | AF10: 0 | AG10: 0 | AH10: 0 | AI10: 0 | AJ10: 6183500 | AK10: 0 | AL10: 0 | AM10: 1116139 | AR10: 20 | AS10: 1776500 | AT10: 267 | AU10: 0
B11: 분 기 | C11: 소계 | D11: =SUM(D8:D10) -> 307345253 | E11: =SUM(E8:E10) -> 332728770 | F11: =SUM(F8:F10) -> 199217870 | G11: =F11/D11 -> 0.64818919 | H11: =F11/E11 -> 0.59873954 | I11: =SUM(I8:I10) -> 2.4899481e+08 | J11: =SUM(J8:J10) -> 332728770 | K11: =SUM(K8:K10) -> 205616324 | L11: =K11/I11 -> 0.82578557 | M11: =K11/J11 -> 0.61796978 | Q11: 판매비와 관리비 | R11: 124998383 | T11: 12월 지출 | U11: =R47 -> 1380200 | W11: 2019-8월 | X11: =AA11+AD11+AG11+AJ11+AM11+AP11+AS11 -> 142179480 | Y11: =AA11+AB11+AD11+AE11+AG11+AH11+AJ11+AK11+AM11+AN11+AP11+AQ11+AS11+AT11 -> 142179764 | Z11: =AC11+AF11+AI11+AL11+AO11+AR11+AU11 -> 147284049 | AA11: 141677600 | AC11: 124125469 | AD11: 0 | AE11: 0 | AF11: 0 | AG11: 0 | AH11: 0 | AI11: 0 | AJ11: 0 | AK11: 0 | AL11: 18258236 | AS11: 501880 | AT11: 284 | AU11: 4900344
B12: 2 | C12: 4월 | D12: 53143810 | E12: =ROUND($R$6/11,0) -> 151265225 | F12: 114485701 | G12: =F12/D12 -> 2.1542622 | H12: =F12/E12 -> 0.75685407 | I12: 1.2955484e+08 | J12: =ROUND($R$6/11,0) -> 151265225 | K12: 206221820 | L12: =K12/I12 -> 1.5917724 | M12: =K12/J12 -> 1.3633128 | Q12: (판매관리비율) | R12: =R11/R6 -> 0.075122946 | W12: 2019-9월 | X12: =AA12+AD12+AG12+AJ12+AM12+AP12+AS12 -> 136663444 | Y12: =AA12+AB12+AD12+AE12+AG12+AH12+AJ12+AK12+AM12+AN12+AP12+AQ12+AS12+AT12 -> 145904005 | Z12: =AC12+AF12+AI12+AL12+AO12+AR12+AU12 -> 146829836 | AA12: 129054564 | AB12: 9240452 | AC12: 142365266 | AD12: 0 | AE12: 0 | AF12: 0 | AG12: 0 | AH12: 0 | AI12: 0 | AJ12: 1848880 | AK12: 0 | AL12: 1751500 | AN12: 1 | AQ12: 8 | AS12: 5760000 | AT12: 100 | AU12: 2713070
B13: / | C13: 5월 | D13: 82379091 | E13: =ROUND($R$6/11,0) -> 151265225 | G13: =F13/D13 -> 0 | H13: =F13/E13 -> 0 | I13: 93603228 | J13: =ROUND($R$6/11,0) -> 151265225 | L13: =K13/I13 -> 0 | M13: =K13/J13 -> 0 | Q13: 영업이익 | R13: =R9-R11 -> 18300488 | T13: 이월잔액 | U13: =U5+U7-U9-U11-U10 -> 47552732 | W13: 2019-10월 | X13: =AA13+AD13+AG13+AJ13+AM13+AP13+AS13 -> 228469584 | Y13: =AA13+AB13+AD13+AE13+AG13+AH13+AJ13+AK13+AM13+AN13+AP13+AQ13+AS13+AT13 -> 241284464 | Z13: =AC13+AF13+AI13+AL13+AO13+AR13+AU13 -> 237237850 | AA13: 180580584 | AB13: 2746605 | AC13: 179848191 | AD13: 0 | AE13: 0 | AF13: 0 | AG13: 0 | AH13: 0 | AI13: 0 | AJ13: 43176000 | AK13: 9300000 | AL13: 52402880 | AO13: 2352840 | AR13: 30500 | AS13: 4713000 | AT13: 768275 | AU13: 2603439
B14: 4 | C14: 6월 | D14: 136754019 | E14: =ROUND($R$6/11,0) -> 151265225 | G14: =F14/D14 -> 0 | H14: =F14/E14 -> 0 | I14: 1.0148287e+08 | J14: =ROUND($R$6/11,0) -> 151265225 | L14: =K14/I14 -> 0 | M14: =K14/J14 -> 0 | T14: 차액 | U14: =U13-R48 -> 0 | W14: 2019-11월 | X14: =AA14+AD14+AG14+AJ14+AM14+AP14+AS14 -> 116123770 | Y14: =AA14+AB14+AD14+AE14+AG14+AH14+AJ14+AK14+AM14+AN14+AP14+AQ14+AS14+AT14 -> 161928512 | Z14: =AC14+AF14+AI14+AL14+AO14+AR14+AU14 -> 150001372 | AA14: 107998520 | AB14: 45804740 | AC14: 142380924 | AD14: 0 | AE14: 0 | AF14: 0 | AG14: 0 | AH14: 0 | AI14: 0 | AJ14: 4700000 | AL14: 4700000 | AO14: 2185276 | AR14: 20 | AS14: 3425250 | AT14: 2 | AU14: 735152
B15: 분 기 | C15: 소계 | D15: =SUM(D12:D14) -> 272276920 | E15: =SUM(E12:E14) -> 453795675 | F15: =SUM(F12:F14) -> 114485701 | G15: =F15/D15 -> 0.42047523 | H15: =F15/E15 -> 0.25228469 | I15: =SUM(I12:I14) -> 3.2464094e+08 | J15: =SUM(J12:J14) -> 453795675 | K15: =SUM(K12:K14) -> 206221820 | L15: =K15/I15 -> 0.63523049 | M15: =K15/J15 -> 0.45443761 | P15: 구분 | R15: 1차연도 | W15: 2019-12월 | X15: =AA15+AD15+AG15+AJ15+AM15+AP15+AS15 -> 169189420 | Y15: =AA15+AB15+AD15+AE15+AG15+AH15+AJ15+AK15+AM15+AN15+AP15+AQ15+AS15+AT15 -> 172844655 | Z15: =AC15+AF15+AI15+AL15+AO15+AR15+AU15 -> 185346552 | AA15: 168474220 | AB15: 2539276 | AC15: 183515419 | AD15: 0 | AE15: 0 | AF15: 0 | AG15: 0 | AH15: 0 | AI15: 0 | AK15: 1113118 | AL15: 1113118 | AM15: 331500 | AN15: 15 | AO15: 330515 | AQ15: 2 | AS15: 383700 | AT15: 2824 | AU15: 387500
B16: 3 | C16: 7월 | D16: 115637750 | E16: =ROUND($R$6/11,0) -> 151265225 | G16: =F16/D16 -> 0 | H16: =F16/E16 -> 0 | I16: 1.3407908e+08 | J16: =ROUND($R$6/11,0) -> 151265225 | L16: =K16/I16 -> 0 | M16: =K16/J16 -> 0 | O16: =K16='2-2.자금수지 실적 명세표'!C12 -> FALSE | R16: 2021년 | W16: 2020-1월 | X16: =AA16+AD16+AG16+AJ16+AM16+AP16+AS16 -> 107946270 | Y16: =AA16+AB16+AD16+AE16+AG16+AH16+AJ16+AK16+AM16+AN16+AP16+AQ16+AS16+AT16 -> 112806596 | Z16: =AC16+AF16+AI16+AL16+AO16+AR16+AU16 -> 112766959 | AA16: 104438620 | AB16: 4860326 | AC16: 109262089 | AG16: 0 | AH16: 0 | AI16: 0 | AJ16: 64350 | AL16: 64350 | AR16: 20 | AS16: 3443300 | AU16: 3440500
B17: / | C17: 8월 | D17: 179684041 | E17: =ROUND($R$6/11,0) -> 151265225 | G17: =F17/D17 -> 0 | H17: =F17/E17 -> 0 | I17: 1.4635937e+08 | J17: =ROUND($R$6/11,0) -> 151265225 | L17: =K17/I17 -> 0 | M17: =K17/J17 -> 0 | P17: Ⅰ.자금의 원천 | Q17: 기초의 현금 | R17: 9277573 | W17: 2020-2월 | X17: =AA17+AD17+AG17+AJ17+AM17+AP17+AS17 -> 87444024 | Y17: =AA17+AB17+AD17+AE17+AG17+AH17+AJ17+AK17+AM17+AN17+AP17+AQ17+AS17+AT17 -> 103428474 | Z17: =AC17+AF17+AI17+AL17+AO17+AR17+AU17 -> 76629038 | AA17: 65241824 | AB17: 15982682 | AC17: 58236738 | AD17: 18982200 | AE17: 1000 | AF17: 18392300 | AG17: 0 | AH17: 0 | AI17: 0 | AJ17: 3000000 | AK17: 760 | AS17: 220000 | AT17: 8
B18: 4 | C18: 9월 | D18: 61319455 | E18: =ROUND($R$6/11,0) -> 151265225 | G18: =F18/D18 -> 0 | H18: =F18/E18 -> 0 | I18: 1.3702827e+08 | J18: =ROUND($R$6/11,0) -> 151265225 | L18: =K18/I18 -> 0 | M18: =K18/J18 -> 0 | Q18: 영업활동으로인한현금흐름 | R18: =SUM(R19:R24) -> 39655359 | W18: 2020-3월 | X18: =AA18+AD18+AG18+AJ18+AM18+AP18+AS18 -> 78504000 | Y18: =AA18+AB18+AD18+AE18+AG18+AH18+AJ18+AK18+AM18+AN18+AP18+AQ18+AS18+AT18 -> 81321890 | Z18: =AC18+AF18+AI18+AL18+AO18+AR18+AU18 -> 102518320 | AA18: 8167500 | AB18: 531 | AC18: =25751333+4730000 -> 30481333 | AD18: 68686500 | AE18: 2817342 | AF18: 72036987 | AG18: 0 | AH18: 0 | AI18: 0 | AJ18: 220000 | AS18: 1430000 | AT18: 17
B19: 분 기 | C19: 소계 | D19: =SUM(D16:D18) -> 356641246 | E19: =SUM(E16:E18) -> 453795675 | F19: =SUM(F16:F18) -> 0 | G19: =F19/D19 -> 0 | H19: =F19/E19 -> 0 | I19: =SUM(I16:I18) -> 4.1746672e+08 | J19: =SUM(J16:J18) -> 453795675 | K19: =SUM(K16:K18) -> 0 | L19: =K19/I19 -> 0 | M19: =K19/J19 -> 0 | Q19: 세후영업이익 | R19: =R13 -> 18300488 | W19: 2020-4월 | X19: =AA19+AD19+AG19+AJ19+AM19+AP19+AS19 -> 142510325 | Y19: =AA19+AB19+AD19+AE19+AG19+AH19+AJ19+AK19+AM19+AN19+AP19+AQ19+AS19+AT19 -> 146591569 | Z19: =AC19+AF19+AI19+AL19+AO19+AR19+AU19 -> 142987856 | AA19: 2227500 | AD19: 139632825 | AE19: 4080000 | AF19: 142987856 | AG19: 0 | AH19: 1121 | AS19: 650000 | AT19: 123
B20: 4 | C20: 10월 | D20: 85080036 | E20: =ROUND($R$6/11,0) -> 151265225 | G20: =F20/D20 -> 0 | H20: =F20/E20 -> 0 | I20: 50082231 | J20: =ROUND($R$6/11,0) -> 151265225 | L20: =K20/I20 -> 0 | M20: =K20/J20 -> 0 | Q20: 운전자금변동 | R20: 19469131 | W20: 2020-5월 | X20: =AA20+AD20+AG20+AJ20+AM20+AP20+AS20 -> 102963551 | Y20: =AA20+AB20+AD20+AE20+AG20+AH20+AJ20+AK20+AM20+AN20+AP20+AQ20+AS20+AT20 -> 107693726 | Z20: =AC20+AF20+AI20+AL20+AO20+AR20+AU20 -> 105294314 | AA20: 2707375 | AD20: 99900876 | AE20: 4730000 | AF20: 105294314 | AG20: 0 | AH20: 0 | AI20: 0 | AS20: 355300 | AT20: 175
B21: / | C21: 11월 | D21: 27560500 | E21: =ROUND($R$6/11,0) -> 151265225 | G21: =F21/D21 -> 0 | H21: =F21/E21 -> 0 | I21: 82218820 | J21: =ROUND($R$6/11,0) -> 151265225 | L21: =K21/I21 -> 0 | M21: =K21/J21 -> 0 | Q21: 감가상각비(유무형) | R21: 1885740 | W21: 2020-6월 | X21: =AA21+AD21+AG21+AJ21+AM21+AP21+AS21 -> 111631154 | Y21: =AA21+AB21+AD21+AE21+AG21+AH21+AJ21+AK21+AM21+AN21+AP21+AQ21+AS21+AT21 -> 118471113 | Z21: =AC21+AF21+AI21+AL21+AO21+AR21+AU21 -> 113849547 | AA21: 2792349 | AB21: 910 | AD21: 107122805 | AE21: 6838795 | AF21: 113849547 | AG21: 0 | AH21: 0 | AI21: 0 | AS21: 1716000 | AT21: 254
B22: 4 | C22: 12월 | D22: 87960273 | E22: =ROUND($R$6/11,0) -> 151265225 | G22: =F22/D22 -> 0 | H22: =F22/E22 -> 0 | I22: 41873112 | J22: =ROUND($R$6/11,0) -> 151265225 | L22: =K22/I22 -> 0 | M22: =K22/J22 -> 0 | Q22: 순운전자본증감액 | R22: 0 | W22: 2020-7월 | X22: =AA22+AD22+AG22+AJ22+AM22+AP22+AS22 -> 147486990 | Y22: =AA22+AB22+AD22+AE22+AG22+AH22+AJ22+AK22+AM22+AN22+AP22+AQ22+AS22+AT22 -> 162388387 | Z22: =AC22+AF22+AI22+AL22+AO22+AR22+AU22 -> 156747511 | AA22: 907500 | AD22: 146579490 | AE22: 9820000 | AF22: 151667211 | AG22: 0 | AH22: 5081100 | AI22: 5080300 | AT22: 297
B23: 분 기 | C23: 소계 | D23: =SUM(D20:D22) -> 200600809 | E23: =SUM(E20:E22) -> 453795675 | F23: =SUM(F20:F22) -> 0 | G23: =F23/D23 -> 0 | H23: =F23/E23 -> 0 | I23: =SUM(I20:I22) -> 1.7417416e+08 | J23: =SUM(J20:J22) -> 453795675 | K23: =SUM(K20:K22) -> 0 | L23: =K23/I23 -> 0 | M23: =K23/J23 -> 0 | Q23: 퇴직금지급액 | W23: 2020-8월 | X23: =AA23+AD23+AG23+AJ23+AM23+AP23+AS23 -> 160995305 | Y23: =AA23+AB23+AD23+AE23+AG23+AH23+AJ23+AK23+AM23+AN23+AP23+AQ23+AS23+AT23 -> 160995640 | Z23: =AC23+AF23+AI23+AL23+AO23+AR23+AU23 -> 133604291 | AD23: 160995305 | AF23: 133604291 | AG23: 0 | AH23: 0 | AI23: 0 | AT23: 335
B24: 그달까지의 누계 | D24: =D11+D12 -> 360489063 | E24: =E11+E12 -> 483993995 | F24: =F11+F15+F19+F23 -> 313703571 | G24: =F24/D24 -> 0.87021661 | H24: =F24/E24 -> 0.64815592 | I24: =I11+I12 -> 3.7854965e+08 | J24: =J11+J12 -> 483993995 | K24: =K11+K15+K19+K23 -> 411838144 | L24: =K24/I24 -> 1.0879369 | M24: =K24/J24 -> 0.85091581 | Q24: 임차보증금 감소 | R24: 0 | W24: 2020-9월 | X24: =AA24+AD24+AG24+AJ24+AM24+AP24+AS24 -> 0 | Y24: =AA24+AB24+AD24+AE24+AG24+AH24+AJ24+AK24+AM24+AN24+AP24+AQ24+AS24+AT24 -> 0 | Z24: =AC24+AF24+AI24+AL24+AO24+AR24+AU24 -> 0
B25: 합계 | D25: =SUM(D23,D19,D15,D11) -> 1136864228 | E25: =SUM(E23,E19,E15,E11) -> 1694115795 | F25: =SUM(F23,F19,F15,F11) -> 313703571 | G25: =F25/D25 -> 0.27593759 | H25: =F25/E25 -> 0.18517245 | I25: =SUM(I23,I19,I15,I11) -> 1.1652766e+09 | J25: =SUM(J23,J19,J15,J11) -> 1694115795 | K25: =SUM(K23,K19,K15,K11) -> 411838144 | L25: =K25/I25 -> 0.35342521 | M25: =K25/J25 -> 0.24309917 | Q25: 투자활동으로인한현금흐름 | R25: =SUM(R26:R29) -> 0 | W25: 2020-10월 | X25: =AA25+AD25+AG25+AJ25+AM25+AP25+AS25 -> 0 | Y25: =AA25+AB25+AD25+AE25+AG25+AH25+AJ25+AK25+AM25+AN25+AP25+AQ25+AS25+AT25 -> 0 | Z25: =AC25+AF25+AI25+AL25+AO25+AR25+AU25 -> 0 | AF25: 0 | AG25: 0 | AH25: 0 | AI25: 0
Q26: 유형자산재투자 | R26: 0 | W26: 2020-11월 | X26: =AA26+AD26+AG26+AJ26+AM26+AP26+AS26 -> 0 | Y26: =AA26+AB26+AD26+AE26+AG26+AH26+AJ26+AK26+AM26+AN26+AP26+AQ26+AS26+AT26 -> 0 | Z26: =AC26+AF26+AI26+AL26+AO26+AR26+AU26 -> 0 | AF26: 0 | AG26: 0 | AH26: 0 | AI26: 0
B27: (註)1. 부가가치세는 매출실적 및 입금실적에서 제외할 것["자금수지표(총괄)와 상이한 점에 유의할 것] 2. 받을어음은 입금실적에서 제외할 것(실제 입금시 반영) 3. 달성율은 전년 및 회생계획과 대비한 실적의 비율을 %로 기재(예컨대, 10% 초과 달성한 경우에는 110%, 10%미달한 경우에는 90%로 기재. / 이하에서 '달성률'이라고 표현한 것은 이와 마찬가지로 표기하고, '증감률'이라고 표현한 것은 +10%, -10%식으로 기재하고, 단순히 '증감'이라고 표현한 것은 그 차액을 기재) 4. 그 달까지의 누계는 당월까지의 실적∙회생계획의 누계와 그 달성률을 표기할 것. | Q27: 본사(공장토지건물) 처분 | R27: 0 | W27: 2020-12월 | X27: =AA27+AD27+AG27+AJ27+AM27+AP27+AS27 -> 0 | Y27: =AA27+AB27+AD27+AE27+AG27+AH27+AJ27+AK27+AM27+AN27+AP27+AQ27+AS27+AT27 -> 0 | Z27: =AC27+AF27+AI27+AL27+AO27+AR27+AU27 -> 0 | AF27: 0 | AG27: 0 | AI27: 0
Q28: 단기금융상품회수 | R28: 0 | W28: Total | X28: =SUM(X4:X27) -> 3085771021 | Y28: =SUM(Y4:Y27) -> 3324406957 | Z28: =SUM(Z4:Z27) -> 3273390106 | AA28: =SUM(AA4:AA27) -> 1248637726 | AB28: =SUM(AB4:AB27) -> 118668413 | AC28: =SUM(AC4:AC27) -> 1358824634 | AD28: =SUM(AD4:AD27) -> 741900001 | AE28: =SUM(AE4:AE27) -> 28287137 | ... AU28: =SUM(AU4:AU27) -> 126477078
Q29: 임차보증금의 지급 | R29: 0
Q30: 재무활동으로인한현금흐름 | R30: 0
P31: 자금의 원천 합계 | R31: =R17+R18+R25+R30 -> 48932932
P32: Ⅱ.자금의 운용 | Q32: 1. 회생담보권 | R32: =SUM(R33:R35) -> 0
Q33: 대여금채권
Q34: 원금 및 개시전이자 | R34: 0
Q35: 개시후이자 | R35: 0
Q36: 2. 회생채권 | R36: =SUM(R37:R43) -> 0
Q37: 대여금채권
Q38: 구상채권
Q39: 상거래채권
Q40: 소액상거래채권
Q41: 임차보증금반환채권 | R41: 0
Q42: 미발생구상채권
Q43: 특수관계인채권
Q44: 3. 조세 등 채권 | R44: 1380200
Q45: 4. 공익채권 | R45: =R46 -> 0
Q46: 미지급급여 및 퇴직금 | R46: 0
P47: 자금의 운용 합계 | Q47: 현금유출계 | R47: =R32+R36+R44+R45 -> 1380200
P48: Ⅲ. 차기자금 이월액 | R48: =R31-R47 -> 47552732

Sheet 2-1.자금수지표(총괄)
A1: 2. 자금수지표(총괄)
A2: 2-1. 자금수지표(총괄)
A3: ='1. 매출실적과 입금실적(전체)'!B2 -> (20**. 04. 01. ~ 20**. 04. 30.) | O3: 부동산처분금액(12월) | P3: 차액
I4: (단위 : 원) | M4: 기초현금 | N4: ='1. 매출실적과 입금실적(전체)'!U5 -> 9277573
A5: 구분 | C5: 회생계획 | F5: 실 적 | I5: 달성율(%) | J5: 비고 | M5: 월 수입 | N5: ='1. 매출실적과 입금실적(전체)'!U7 -> 1685272347 | O5: 0 | P5: =N5-O5 -> 1685272347
A6: 분기 | B6: 월 | C6: 수입 | D6: 지출 | E6: 이월잔액 (자금수지) | F6: 수입 | G6: 지출 | H6: 이월잔액 (자금수지) | M6: 월 지출 | N6: ='1. 매출실적과 입금실적(전체)'!U9+'1. 매출실적과 입금실적(전체)'!U10 -> 1645616988 | O6: 0 | P6: =N6-O6 -> 1645616988
A7: 전기이월잔액 | E7: 24095570 | H7: 24095570 | I7: =H7/E7 -> 1 | M7: 12월 지출 | N7: ='1. 매출실적과 입금실적(전체)'!U11 -> 1380200 | O7: 0 | P7: =N7-O7 -> 1380200
A8: 1 | B8: 1 | C8: 23652690 | D8: 43136587 | E8: =E7+C8-D8 -> 4611673 | F8: 23652690 | G8: 43136587 | H8: =H7+F8-G8 -> 4611673 | I8: =H8/E8 -> 1 | M8: 이월잔액 | N8: ='1. 매출실적과 입금실적(전체)'!U13 -> 47552732
A9: / | B9: 2 | C9: =ROUND($P$5/11,0) -> 153206577 | D9: =ROUND(($N$6+$P$7)/11,0) -> 149727017 | E9: =E8+C9-D9 -> 8091233 | F9: 72950038 | G9: 25144841 | H9: =H8+F9-G9 -> 52416870 | I9: =H9/E9 -> 6.4782302
A10: 4 | B10: 3 | C10: =ROUND($P$5/11,0) -> 153206577 | D10: =ROUND(($N$6+$P$7)/11,0) -> 149727017 | E10: =E9+C10-D10 -> 11570793 | F10: 113955896 | G10: 129363277 | H10: =H9+F10-G10 -> 37009489 | I10: =H10/E10 -> 3.1985266
A11: 분기 | B11: 소계 | C11: =SUM(C8:C10) -> 330065844 | D11: =SUM(D8:D10) -> 342590621 | E11: =C11-D11 -> -12524777 | F11: =SUM(F8:F10) -> 210558624 | G11: =SUM(G8:G10) -> 197644705 | H11: =H7+F11-G11 -> 37009489
A12: 2 | B12: 4 | C12: =ROUND($P$5/11,0) -> 153206577 | D12: =ROUND(($N$6+$P$7)/11,0) -> 149727017 | E12: =E10+C12-D12 -> 15050353 | F12: 213985911 | G12: 90248573 | H12: =SUM(H10+F12-G12) -> 160746827 | I12: =H12/E12 -> 10.680602
A13: / | B13: 5 | C13: =ROUND($P$5/11,0) -> 153206577 | D13: =ROUND(($N$6+$P$7)/11,0) -> 149727017 | E13: =E12+C13-D13 -> 18529913 | H13: =SUM(H12+F13-G13) -> 160746827 | I13: =H13/E13 -> 8.6749909
A14: 4 | B14: 6 | C14: =ROUND($P$5/11,0) -> 153206577 | D14: =ROUND(($N$6+$P$7)/11,0) -> 149727017 | E14: =E13+C14-D14 -> 22009473 | H14: =SUM(H13+F14-G14) -> 160746827 | I14: =H14/E14 -> 7.3035291
A15: 분기 | B15: 소계 | C15: =SUM(C12:C14) -> 459619731 | D15: =SUM(D12:D14) -> 449181051 | E15: =C15-D15 -> 10438680 | F15: =SUM(F12:F14) -> 213985911 | G15: =SUM(G12:G14) -> 90248573 | H15: =H11+F15-G15 -> 160746827 | M15: 112970066 | N15: 74009724
A16: 3 | B16: 7 | C16: =ROUND($P$5/11,0) -> 153206577 | D16: =ROUND(($N$6+$P$7)/11,0) -> 149727017 | E16: =E14+C16-D16 -> 25489033 | H16: =H14+F16-G16 -> 160746827 | I16: =H16/E16 -> 6.3065094
A17: / | B17: 8 | C17: =ROUND($P$5/11,0) -> 153206577 | D17: =ROUND(($N$6+$P$7)/11,0) -> 149727017 | E17: =E16+C17-D17 -> 28968593 | H17: =H16+F17-G17 -> 160746827 | I17: =H17/E17 -> 5.5490036 | M17: 112970066 | N17: 74009724
A18: 4 | B18: 9 | C18: =ROUND($P$5/11,0) -> 153206577 | D18: =ROUND(($N$6+$P$7)/11,0) -> 149727017 | E18: =E17+C18-D18 -> 32448153 | H18: =H17+F18-G18 -> 160746827 | I18: =H18/E18 -> 4.9539592 | L18: =H18='2-2.자금수지 실적 명세표'!C55 -> TRUE | O18: 141278594
A19: 분기 | B19: 소계 | C19: =SUM(C16:C18) -> 459619731 | D19: =SUM(D16:D18) -> 449181051 | E19: =C19-D19 -> 10438680 | F19: =SUM(F16:F18) -> 0 | G19: =SUM(G16:G18) -> 0 | H19: =H15+F19-G19 -> 160746827 | K19: =H17-24843371 -> 135903456 | L19: =H16='8.시재현황'!D18 -> FALSE | O19: 180238936
A20: 4 | B20: 10 | C20: =ROUND($P$5/11,0) -> 153206577 | D20: =ROUND(($N$6+$P$7)/11,0) -> 149727017 | E20: =E18+C20-D20 -> 35927713 | H20: =H18+F20-G20 -> 160746827 | I20: =H20/E20 -> 4.4741737
A21: / | B21: 11 | C21: =ROUND($P$5/11,0) -> 153206577 | D21: =ROUND(($N$6+$P$7)/11,0) -> 149727017 | E21: =E20+C21-D21 -> 39407273 | H21: =H20+F21-G21 -> 160746827 | I21: =H21/E21 -> 4.0791157 | O21: 38960342
A22: 4 | B22: 12 | C22: =ROUND($P$5/11,0) -> 153206577 | D22: =ROUND(($N$6+$P$7)/11,0) -> 149727017 | E22: =E21+C22-D22 -> 42886833 | H22: =H21+F22-G22 -> 160746827 | I22: =H22/E22 -> 3.7481627 | K22: =H22='8.시재현황'!D18 -> FALSE | M22: =H8-#REF! -> #REF!
A23: 분기 | B23: 소계 | C23: =SUM(C20:C22) -> 459619731 | D23: =SUM(D20:D22) -> 449181051 | E23: =C23-D23 -> 10438680 | F23: =SUM(F20:F22) -> 0 | G23: =SUM(G20:G22) -> 0 | H23: =H19+F23-G23 -> 160746827 | M23: ='8.시재현황'!D9+'8.시재현황'!#REF! -> #REF!
A24: 그달까지의 누계 | C24: =C11+C12 -> 483272421 | D24: =D11+D12 -> 492317638 | E24: =E7+C24-D24 -> 15050353 | F24: =F11+F15+F19+F23 -> 424544535 | G24: =G11+G15+G19+G23 -> 287893278 | H24: =H7+F24-G24 -> 160746827 | I24: =H24/E24 -> 10.680602
A25: 합계 | C25: =C11+C15+C19+C23 -> 1708925037 | D25: =D11+D15+D19+D23 -> 1690133774 | E25: =E7+C25-D25 -> 42886833 | F25: =F11+F15+F19+F23 -> 424544535 | G25: =G11+G15+G19+G23 -> 287893278 | H25: =H7+F25-G25 -> 160746827 | I25: =H25/E25 -> 3.7481627 | M25: =H8-M23 -> #REF!
A26: ='8.시재현황'!A19 -> (註) 시재보유 금액 \202,137,563원중 공탁금 및 퇴직연금 잔액 \41,390,736원을 제외한 실제 가용자금은 \160,746,827원입니다.
A27: 1. 부가가치세는 수입입액 및 지출금액에 포함할 것("매출실적과 입금실적"과 상이한 점에 유의할 것) 2. 전기 이월잔이 수입, 지출은 공란으로 하고 이월잔액만을 기재할 것. 3. 매월의 이월잔 란에느 그 달의 실제 이월잔고를 기재하고 소계, 누계 및 합계의 이월잔 란에는 그때까지의 수입 합계액과 지출 합계액의 차액, 즉 자금수지 실적을 기재할 것. 4. 그 달까지의 누계는 당월까지의 실적∙회생계획의 누계와 그 달성률을 표기할 것.
A29: ='8.시재현황'!A19 -> (註) 시재보유 금액 \202,137,563원중 공탁금 및 퇴직연금 잔액 \41,390,736원을 제외한 실제 가용자금은 \160,746,827원입니다.

Sheet 2-2.자금수지 실적 명세표
A1: 2-2. 자금수지실적명세표
A2: ='2-1.자금수지표(총괄)'!A3 -> (20**. 04. 01. ~ 20**. 04. 30.)
D3: (단위 : 원)
A4: 구분 | B4: 전월실적 | C4: 금월실적 | D4: 증감 | E4: 비고
A6: 전월이월잔액 | B6: 18849890 | C6: =B55 -> 37009489 | D6: =$C$6-B6 -> 18159599
A7: 수입계 | B7: =SUM(B8:B11) -> 88386849 | C7: =SUM(C8:C11) -> 213985911 | D7: =$C$7-B7 -> 125599062 | F7: =C7='3,4 어음수표 및 주요 업무사항'!E81 -> TRUE
A8: 매출입금 | B8: 69156370 | C8: ='3,4 어음수표 및 주요 업무사항'!E81-'3,4 어음수표 및 주요 업무사항'!E82-'3,4 어음수표 및 주요 업무사항'!H82 -> 213685911 | D8: =$C$8-B8 -> 144529541
A9: 영업외 입금 | B9: 19228356 | C9: ='3,4 어음수표 및 주요 업무사항'!E82 -> 300000 | D9: =$C$9-B9 -> -18928356
A10: 이자수익 | B10: 2123 | C10: ='3,4 어음수표 및 주요 업무사항'!H82 -> 0 | D10: =C10-B10 -> -2123
A11: 기타입금 | B11: 0 | C11: 0 | D11: =$C$11-B11 -> 0
A12: 지출계 | B12: =SUM(B13:B53) -> 70227250 | C12: =SUM(C13:C53) -> 90248573 | D12: =$C$12-B12 -> 20021323 | F12: =C12='5.허가사항 내역'!D75 -> TRUE
A13: 회생담보권 | B13: 0 | C13: 0 | D13: =C13-B13 -> 0
A14: 회생채권 | B14: 0 | C14: ='5.허가사항 내역'!J120 -> 0 | D14: =C14-B14 -> 0
A15: 공익채권 | B15: 0 | C15: ='5.허가사항 내역'!J121 -> 0 | D15: =C15-B15 -> 0
A16: 건물관리비 | B16: 0 | C16: ='5.허가사항 내역'!J121 -> 0 | D16: =C16-B16 -> 0
A17: 공구기구비품 | B17: 0 | C17: ='5.허가사항 내역'!J122 -> 0 | D17: =C17-B17 -> 0
A18: 광고선전비 | B18: 29700 | C18: ='5.허가사항 내역'!J123 -> 5000000 | D18: =C18-B18 -> 4970300
A19: 교육훈련비 | B19: 0 | C19: ='5.허가사항 내역'!J124 -> 0 | D19: =C19-B19 -> 0
A20: 도서인쇄비 | B20: 0 | C20: ='5.허가사항 내역'!J125 -> 0 | D20: =C20-B20 -> 0
A21: 미지급급 | B21: 0 | C21: ='5.허가사항 내역'!J126 -> 19160076 | D21: =C21-B21 -> 19160076
A22: 방역비 | B22: 0 | C22: ='5.허가사항 내역'!J127 -> 0 | D22: =C22-B22 -> 0
A23: 보험료 | B23: 566900 | C23: ='5.허가사항 내역'!J128 -> 0 | D23: =C23-B23 -> -566900
A24: 복리후생비 | B24: 2514000 | C24: ='5.허가사항 내역'!J129 -> 1949150 | D24: =C24-B24 -> -564850 | E24: 직원 식대 외
A25: 상여금 | B25: 0 | C25: ='5.허가사항 내역'!J130 -> 0 | D25: =C25-B25 -> 0
A26: 상품 | B26: 682500 | C26: ='5.허가사항 내역'!J131 -> 4116620 | D26: =C26-B26 -> 3434120 | E26: 기업이전관련 가구 구매 외
A27: 생계유지비 | B27: 0 | C27: ='5.허가사항 내역'!J132 -> 0 | D27: =C27-B27 -> 0
A28: 선수금 | B28: 0 | C28: ='5.허가사항 내역'!J133 -> 0 | D28: =C28-B28 -> 0
A29: 세금과공과 | B29: 0 | C29: ='5.허가사항 내역'!J134 -> 18334600 | D29: =C29-B29 -> 18334600 | E29: 2020년 2기 부가가치세(허가 득함)
A30: 소모품비 | B30: 2371790 | C30: ='5.허가사항 내역'!J135 -> 474500 | D30: =C30-B30 -> -1897290 | E30: 기업이전관련 자재 등 구매
A31: 수도광열비 | B31: 0 | C31: ='5.허가사항 내역'!J136 -> 0 | D31: =C31-B31 -> 0
A32: 수선유지비 | B32: 154500 | C32: ='5.허가사항 내역'!J137 -> 0 | D32: =C32-B32 -> -154500
A33: 여비교통비 | B33: 65700 | C33: ='5.허가사항 내역'!J138 -> 324920 | D33: =C33-B33 -> 259220 | E33: 숙소비 외
A34: 예납금 | B34: 0 | C34: ='5.허가사항 내역'!J139 -> 0 | D34: =C34-B34 -> 0
A35: 예수금 | B35: 0 | C35: ='5.허가사항 내역'!J140 -> 0 | D35: =C35-B35 -> 0
A36: 외주용역비 | B36: 32878200 | C36: ='5.허가사항 내역'!J141 -> 12165200 | D36: =C36-B36 -> -20713000 | E36: 기업이전관련 외주용역
A37: 운반비 | B37: 3635620 | C37: ='5.허가사항 내역'!J142 -> 1010940 | D37: =C37-B37 -> -2624680 | E37: 용차비 외
A38: 원부재료비 | B38: 0 | C38: ='5.허가사항 내역'!J143 -> 0 | D38: =C38-B38 -> 0
A39: 이자비용 | B39: 0 | C39: ='5.허가사항 내역'!J144 -> 0 | D39: =C39-B39 -> 0
A40: 일용직급여 | B40: 3504000 | C40: ='5.허가사항 내역'!J145 -> 2755000 | D40: =C40-B40 -> -749000 | E40: 현장 일용직 급여
A41: 임원급여 | B41: 2800000 | C41: ='5.허가사항 내역'!J146 -> 2800000 | D41: =C41-B41 -> 0 | E41: 관리인, CRO 급여
A42: 잡비 | B42: 50000 | C42: ='5.허가사항 내역'!J147 -> 0 | D42: =C42-B42 -> -50000
A43: 재료비 | B43: 0 | D43: =C43-B43 -> 0
A44: 전력비 | B44: 2568020 | C44: ='5.허가사항 내역'!J149 -> 0 | D44: =C44-B44 -> -2568020 | E44: 4월 전력비 납부 못함
A45: 접대비 | B45: 0 | C45: ='5.허가사항 내역'!J150 -> 0 | D45: =C45-B45 -> 0
A46: 지급수수료 | B46: 1210720 | C46: ='5.허가사항 내역'!J151 -> 699440 | D46: =C46-B46 -> -511280 | E46: 변호사 수수료 외
A47: 지급임차료 | B47: 0 | C47: ='5.허가사항 내역'!J152 -> 0 | D47: =C47-B47 -> 0
A48: 직원급여 | B48: 13359970 | C48: ='5.허가사항 내역'!J153 -> 16045800 | D48: =C48-B48 -> 2685830 | E48: 직원 급여
A49: 차량유지비 | B49: 3457580 | C49: ='5.허가사항 내역'!J154 -> 3208857 | D49: =C49-B49 -> -248723 | E49: 차량유류비 외
A50: 통신비 | B50: 228050 | C50: ='5.허가사항 내역'!J155 -> 113470 | D50: =C50-B50 -> -114580
A51: 폐기물처리비 | B51: 150000 | C51: ='5.허가사항 내역'!J156 -> 2090000 | D51: =C51-B51 -> 1940000
A52: 기타 | B52: 0 | C52: ='5.허가사항 내역'!J157 -> 0 | D52: =C52-B52 -> 0
A54: 수 지 차 | B54: =SUM(B7-B12) -> 18159599 | C54: =SUM(C7-C12) -> 123737338 | D54: =D7-D12 -> 105577739 | F54: 자금수지일치여부 | G54: 시재일치여부
A55: 차기이월잔액 | B55: =SUM(B6+B54) -> 37009489 | C55: =SUM(C6+C54) -> 160746827 | D55: =D6+D54 -> 123737338 | F55: =C55='2-1.자금수지표(총괄)'!H21 -> TRUE | G55: =C55='8.시재현황'!G20 -> TRUE
A56: ='8.시재현황'!A19 -> (註) 시재보유 금액 \202,137,563원중 공탁금 및 퇴직연금 잔액 \41,390,736원을 제외한 실제 가용자금은 \160,746,827원입니다.
A57: 1. 부가가치세는 수입금액 및 지출금액에 포함할 것("매출실적과 입금실적"과 상이한 점에 유의할 것. 2. 전기 대비 증감요인분석 : 원인 규명하고 대책을 설명할 것. 3. 이월잔액 중 구속성예금 및 이를 공제한 가용시재액을 주석으로 별도 표기. 4. 받을어음은 주석으로 별도 표기하고, 위 수입금액에서는 제외할 것(실제 입금시 반영)
A59: ='8.시재현황'!A19 -> (註) 시재보유 금액 \202,137,563원중 공탁금 및 퇴직연금 잔액 \41,390,736원을 제외한 실제 가용자금은 \160,746,827원입니다.

Sheet 3,4 어음수표 및 주요 업무사항
A1: 3. 어음 · 수표 발행현황과 자금수지표
A3: 3-1. 어음 발행현황 ☑ 해당없음
A4: 3-2. 수표 발행현황 ☑ 해당없음
A5: 3-3. 당월 말 잔액의 월별 만기 도래액
A6: 발행일 | B6: 지급처 | C6: 어음번호 | D6: 만기일 | E6: 금 액
B9: 없 | C9: 음
A13: 합 계 | E13: =SUM(E7:E12) -> 0
A15: 4. 주요 업무사항
A17: 4-1. 매출실적 현황
E18: (단위 : 원)
A19: 거래일자 | B19: 상 호 | C19: 매 출 금 액 | D19: 적 요 | E19: 비고
A20: 2021-04-01 | B20: 삼**중공업(주) | C20: 1470000 | D20: 삼**중공업 판교사택이사
A21: 2021-04-05 | B21: 바이투셀(Buy to sell) | C21: 600000 | D21: 사무집기 외
A22: 2021-04-05 | B22: 제이모바일 | C22: 500000 | D22: 집기 납품
A23: 2021-04-06 | B23: **시스템(주) | C23: 390000 | D23: **시스템~임원사택 집기폐기 지원
A24: 2021-04-06 | B24: (주)삼**경제연구소 | C24: 1060000 | D24: 사무실~Lay-out 작업
A25: 2021-04-09 | B25: 주식회사 **컴코리아 | C25: 555185 | D25: 03월 전기료
A26: 2021-04-09 | B26: 주식회사 **컴코리아 | C26: 4000000 | D26: 03월 창고임대료
A27: 2021-04-12 | B27: ***디어푸드 주식회사 | C27: 1610000 | D27: ***본사~음성 집기 이전 작업
A28: 2021-04-13 | B28: 삼**물산(주) | C28: 900000 | D28: 삼**건설 이문동 가사사무실 청소작업
A29: 2021-04-14 | B29: 바이투셀(Buy to sell) | C29: 1000000 | D29: 사무집기 외
A30: 2021-04-20 | B30: 삼**물산(주) | C30: 2120000 | D30: 개포현장 작업
A31: 2021-04-20 | B31: 삼**물산(주) | C31: 2140000 | D31: 개포현장 집기~잠실현장 전출
... A39: 2021-04-30 | B39: (주)***신라 | C39: 4900000 | D39: 산업폐기 추가 작업
A40: 2021-04-30 | B40: (주)***신라 | C40: 9460000 | D40: 문서 이전 및 폐기작업 | W40: =114485701-C51 -> 0
A41: 2021-04-30 | B41: (주)***신라 | C41: 2840000 | D41: ***신라 집기이전작업
A42: 2021-04-30 | B42: (주)***신라 | C42: 1700000 | D42: 생명,성우,종이나라~집기 이전
A51: 합 계 | C51: =SUM(C20:C50) -> 114485701 | I51: 세무법인한맘
I52: 현제전자(박춘화) | J52: 63363.89 | N52: 행 레이블 | O52: 합계 : 입 금 액
A53: 4-2. 입금실적 현황 | J53: 1067.4 | N53: 기타 | O53: 3643795
G54: (단위 : 원) | J54: =J52*J53 -> 67634616 | N54: 매출 | O54: 397870465
A55: 구 분 | B55: 입 금 일 | C55: 상 호 | D55: 적요 | E55: 입 금 액 | F55: 기타 | N55: 환급금 | O55: 7871750
A56: 매출 | B56: 44287 | C56: 삼**카드고객서비스 | D56: 3월 작업비 정산 | E56: 162702958 | N56: 이자수익 | O56: 3165
A57: 매출 | B57: 44291 | C57: 제이모바일 | D57: 4월 작업비 정산 | E57: 550000 | N57: 총합계 | O57: 409389175
A58: 매출 | B58: 44292 | C58: 류준영(바이투셀) | D58: 사무집기 판매 | E58: 660000
A59: 매출 | B59: 44295 | C59: (주)***신라 | D59: 3월 작업비 정산 | E59: 3701500 | J59: 7820.2 | K59: 1164.5 | L59: =ROUNDUP(J59*K59,0) -> 9106623
A60: 매출 | B60: 44295 | C60: 김미정(대정프린텍) | D60: 3월 물류비 정산 | E60: 443850 | J60: 6956.43 | K60: 1164.5 | L60: =ROUNDUP(J60*K60,0) -> 8100763
A61: 매출 | B61: 44295 | C61: **시스템㈜ | D61: 3월 작업비 정산 | E61: 1331000 | I61: 기타 | J61: =#REF!+#REF! -> #REF!
A62: 매출 | B62: 44295 | C62: 황라희(루루마켓) | D62: 3월 물류비 정산 | E62: 1848000 | J62: =E81-#REF!-J61 -> #REF!
A63: 매출 | B63: 44298 | C63: (주)**컴코리아 | D63: 3월 창고 임대료 | E63: 4400000
A64: 매출 | B64: 44298 | C64: (주)**컴코리아 | D64: 3월 전기요금 정산 | E64: 610703 | J64: 29569.08 | K64: 1164.5 | L64: =ROUNDUP(J64*K64,0) -> 34433194
A65: 매출 | B65: 44298 | C65: (주)**컴코리아 | D65: 3월 물류비 정산 | E65: 594000
A66: 매출 | B66: 44300 | C66: 류준영(바이투셀) | D66: 사무집기 판매 | E66: 1100000
A67: 매출 | B67: 44301 | C67: ***시스템즈(주) | D67: 3월 작업비 정산 | E67: 316250
A68: 매출 | B68: 44301 | C68: 삼**중공업(주) | D68: 3월 작업비 정산 | E68: 3300000
A69: 매출 | B69: 44301 | C69: ***케이산업㈜ | D69: 3월전기세 | E69: 100000
A70: 매출 | B70: 44301 | C70: ***케이산업㈜ | D70: 3월택배비 | E70: 140000
A71: 매출 | B71: 44302 | C71: ***케이인터내셔날 | D71: 3월 작업비 정산 | E71: 2695300
A72: 매출 | B72: 44306 | C72: ***건설산업㈜ | D72: 3월 작업비 정산 | E72: 1100000
A73: 매출 | B73: 44306 | C73: ***건설산업㈜ | D73: 3월 작업비 정산 | E73: 151800
A74: 매출 | B74: 44307 | C74: (주)***팩솔루션 | D74: 3월 작업비 정산 | E74: 328900
A75: 매출 외 | B75: 44312 | C75: 박현민 | D75: 기타 | E75: 300000
A76: 매출 | B76: 44312 | C76: 삼**물산㈜ | D76: 3월 작업비 정산 | E76: 23859000
A77: 매출 | B77: 44315 | C77: 삼**카드고객서비스 | D77: 3월 작업비 정산 | E77: 627000
A78: 매출 | B78: 44316 | C78: (주)파이오링크 | D78: 3월 창고 임대료 | E78: 1672000 | W78: =213985911-E81 -> 0
A79: 매출 | B79: 44316 | C79: ***로엑스(주) | D79: 3월 작업비 정산 | E79: 645150
A80: 매출 | B80: 44316 | C80: ㈜***엔터프라이즈 | D80: 1월 작업비 정산 | E80: 808500
A81: 합 계 | E81: =SUM(E56:E80) -> 213985911
E82: =E75 -> 300000 | G82: 0
A83: 4-3. 회생절차 진행
A84: 2020. 07. 27. 개시 신청서접수 2020. 07. 28. 포괄적금지명령/ 비용예납명령 / 대표자심문기일지정결정 / 보전처분결정 2020. 08. 06. 심문기일(서울회생법원 4별관 421호 심문실 17:00) 2020. 08. 31. 회생절차 개시결정 / 공고로 송달갈음 결정(개시결정) / 법원의 허가사항과 위임사항에 관한 결정(법률상관리인) / 주요사항통지명령 2020. 09. 14. 채권자목록 제출 2020. 10. 05 시부인표 제출 2020. 10. 19 조사보고서 제출 2020. 10. 26 주요사항 통지 2020. 11. 16 회생계획안 제출 2021. 02. 03 관계인 집회가결 회생계획 인가결정

Sheet 5.허가사항 내역
A1: 5. 허가사항 내역
A3: 5-1. 허가사항 총괄표
A4: (단위 : 원)
A5: 구 분 | B5: 내 역 | C5: 허가건수 | D5: 금 액 | E5: 비 고
A6: 재판부 허가사항 | B6: 금전관련 | C6: =B27 -> 0건 | D6: =E27 -> 0
B7: 기 타 | C7: =B41 -> 4건 | D7: 0
B8: 소 계 | C8: =COUNTA($A$32:$A$40,$A$21:$A$26)&"건" -> 4건 | D8: =SUM(D6:D7) -> 0
A9: 관리위원 허가사항 | B9: 금전관련 | C9: =B56 -> 3건 | D9: =E56 -> 50275800
B10: 기 타 | C10: =B64 -> 0건 | D10: 0
B11: 소 계 | C11: =COUNTA($B$48:$B$55,$B$62:$B$62)&"건" -> 3건 | D11: =SUM(D9:D10) -> 50275800
A12: 합계 | B12: 금전관련 | C12: =COUNTA(B21:B26,B48:B55)&"건" -> 3건 | D12: =D6+D9 -> 50275800
B13: 기 타 | C13: =COUNTA(A32:A40,A62:A62)&"건" -> 4건 | D13: 0
B14: 합 계 | C14: =COUNTA($A$32:$A$40,$A$21:$A$26,$A$48:$A$55,$A$62:$A$62)&"건" -> 7건 | D14: =SUM(D12:D13) -> 50275800
A16: 5-2. 법원 허가사항 명세
A18: 가) 금전관련 허가사항
G19: (단위 : 원)
A20: 허가일자 | B20: 문서번호 | C20: 제목 | E20: 금액 | F20: 비 고
C21: 없 음
A27: 합계 | B27: =COUNTA(B21:B26)&"건" -> 0건 | E27: =SUM(E21:E26) -> 0
A29: 나) 보고 및 기타 허가사항
A31: 접수일자 | B31: 문서번호 | C31: 제목 | E31: 비 고
A32: 44287 | B32: 2021-04-01 | C32: 2021년 3월 하반월 자금수지상황보고서 제출
A33: 44300 | B33: 2021-04-03 | C33: 2021년 3월 관리인월간보고서 제출
A34: 44302 | B34: 2021-04-04 | C34: 2021년 4월 상반월 자금수지상황보고서 제출
A35: 44312 | B35: 2021-04-07 | C35: 공익채권 변제 결과 보고
A41: 합계 | B41: =COUNTA(A32:A40)&"건" -> 4건
A43: 5-3. 관리위원 허가사항 명세
A45: 가) 금전관련 관리위원 허가사항
F46: (단위 : 원)
A47: 허가일자 | B47: 문서번호 | C47: 제목 | E47: 금액 | F47: 비 고 | H47: =COUNTA(B48:B55)&"건" -> 3건
A48: 44291 | B48: 2021-04-02 | C48: 3월 임직원급여 지급 허가 신청 | E48: 21061680
A49: 44305 | B49: 2021-04-05 | C49: 용역비 등 지급허가 신청 | E49: 11994200
A50: 44312 | B50: 2021-04-06 | C50: 공익채권 변제 허가 신청 | E50: 17219920 | F50: 가산금 포함 18,437,200원 변제
A56: 합계 | B56: =COUNTA($B$48:$B$55)&"건" -> 3건 | E56: =SUM(E48:E55) -> 50275800
A59: 나) 보고 및 기타 관리위원 허가사항(기타신청서 포함)
A61: 접수일자 | B61: 문서번호 | C61: 제목 | E61: 비 고
C62: 없 음
A64: 합계 | B64: =COUNTA(B62:B63)&"건" -> 0건
A66: 6. 금원지출 내역
A68: 6-1. 금원지출 총괄표
A70: 구 분 | C70: 건수 | D70: 금액 | E70: 비 고
A71: 1. 법원허가사항 | C71: =H77 -> 1건 | D71: =E85 -> 737588
A72: 2. 관리위원 허가사항 | C72: =H88 -> 8건 | D72: =E98 -> 22997500
A73: 3. 300만원 초과 지출 | C73: =H101 -> 3건 | D73: =E116 -> 18431860
A74: 4. 300만원 이하 지출 | C74: =H120 -> 45건 | D74: =E166 -> 48081625
A75: 금원지출 합계 | D75: =SUM(D71:D74) -> 90248573
A77: 6-2. 법원 허가사항 지출 | H77: =COUNTA(E80:E84)&"건" -> 1건
G78: (단위 : 원)
A79: 일자 | B79: 계 정 과 목 | C79: 거래처 | D79: 적요 | E79: 금액 | F79: 지출수단 | G79: 문서번호
A80: 44307 | B80: 차량유지비 | C80: 메리츠캐피탈 | D80: 카니발렌탈료 | E80: 737588 | F80: 통장 | G80: 2020-09-09
B81: 세금과공과 | C81: 서울중앙지방법원 | D81: 청구이의 소 인지대 | F81: 통장
B82: 세금과공과 | C82: 의정부지방법원 고양지원 | D82: 청구이의 소 인지대 | F82: 통장
B83: 세금과공과 | C83: 춘천지방법원 강릉지원 | D83: 청구이의 소 인지대 | F83: 통장
F84: 통장
A85: 합 계 | E85: =SUM(E80:E84) -> 737588
A87: 6-3. 관리위원 허가사항 지출
G88: (단위 : 원) | H88: =COUNTA(E90:E97)&"건" -> 8건
A89: 일자 | B89: 계 정 과 목 | C89: 거래처 | D89: 적요 | E89: 금액 | F89: 지출수단 | G89: 문서번호
A90: 44295 | B90: 임원급여 | C90: 김** | D90: 3월 관리인 급여 | E90: 2000000 | F90: 통장 | G90: 44288
A91: 44295 | B91: 직원급여 | C91: **표 부장 | D91: 3월 직원 급여 | E91: 1400000 | F91: 통장 | G91: 44288
A92: 44298 | B92: 직원급여 | C92: **희주임 | D92: 3월 직원급여 | E92: 2582210 | F92: 통장 | G92: 44288
A93: 44312 | B93: 직원급여 | C93: 김**과장 | D93: 3월 직원급여 | E93: 2560470 | F93: 통장 | G93: 44288
A94: 44312 | B94: 용역비 | C94: 손**(00고) | D94: 2월 작업비 정산 | E94: 1727000 | F94: 통장 | G94: 44291
A95: 44312 | B95: 직원급여 | C95: **표부장 | D95: 3월 직원급여 | E95: 1600000 | F95: 통장 | G95: 44288
A96: 44313 | B96: 직원급여 | C96: **표 부장 | D96: 3월 직원급여 | E96: 500000 | F96: 통장 | G96: 44288
A97: 44316 | B97: 용역비 | C97: (주)**시스템 | D97: 냉난방기 이전설치 비용 | E97: 10627820 | F97: 통장 | G97: 44291
A98: 합 계 | E98: =SUM(E90:E97) -> 22997500
A100: 6-4. 300만원 이상 지출내역
G101: (단위 : 원) | H101: =COUNTA(E103:E115)&"건" -> 3건
A102: 일자 | B102: 계정과목 | C102: 거래처 | D102: 적요 | E102: 금액 | F102: 지출수단 | G102: 비고
B103: 세금과공과 | C103: 국민건강보험공단 | D103: 건강보험료 | F103: 통장 | G103: 회사부담분 | H103: (註) 1. 허가금액 초과, 제세공과금(국세, 지방세, 전기료, 수도료, 가스료, 전화료, 국민연금, 장애인고용분담금, 직업훈련분담금, 개발부담금) 2. 공익채권(건강보험료, 고용보험료, 산재보험료)
B104: 세금과공과 | C104: 국민건강보험공단 | D104: 연금보험료 | F104: 통장 | G104: 회사부담분
B105: 세금과공과 | C105: 국민건강보험공단 | D105: 고용보험료 | F105: 통장 | G105: 회사부담분
B106: 세금과공과 | C106: 국민건강보험공단 | D106: 산재보험료 | F106: 통장 | G106: 회사부담분
B107: 예수금 | C107: 국민건강보험공단 | D107: 건강보험료 | F107: 통장 | G107: 직원부담분
B108: 예수금 | C108: 국민건강보험공단 | D108: 연금보험료 | F108: 통장 | G108: 직원부담분
B109: 예수금 | C109: 국민건강보험공단 | D109: 고용보험료 | F109: 통장 | G109: 직원부담분
B110: 세금과공과 | C110: 파주세무서 | D110: 2020년 2기 부가가치세 일부 납부 | F110: 통장
A111: 44312 | B111: 세금과공과 | C111: 국세청(파주세무서) | D111: 2020년 2기 부가가치세 납부 | E111: 18334600 | F111: 통장 | G111: 2021-04-06 | I111: 미지급급
A112: 44313 | B112: 통신비 | C112: KT4473899304 | D112: 사무실 4월 인터넷요금 | E112: 90690 | F112: 통장 | I112: 방역비
A113: 44313 | B113: 통신비 | C113: KT8071557904 | D113: 사무실 4월 전화요금 | E113: 6570 | F113: 통장
F114: 통장 | G114: 사용기간 1/10~2/09
F115: 통장 | G115: 사용기간 2/10~3/09
A116: 합계 | E116: =SUM(E103:E115) -> 18431860
A117: =COUNTA(#REF!) -> 1
A118: 6-5. 300만원 이하 지출내역 | I118: (註) 300만원 이상 지출,관리위원 허가사항 지출 금액 합산
G119: (단위 : 원) | I119: 과 목 | J119: 과목별 소계
A120: 일자 | B120: 계 정 과 목 | C120: 거래처 | D120: 적요 | E120: 금액 | F120: 지출수단 | G120: 비고 | H120: =COUNTA(E121:E165)&"건" -> 45건 | I120: 회생채권
A121: 44287 | B121: 복리후생비 | C121: CU원당대로점 | D121: 음료 및 간식 | E121: 17500 | F121: 통장 | I121: 건물관리비
A122: 44287 | B122: 복리후생비 | C122: 세븐일레븐(판교백현점) | D122: 음료 | E122: 4420 | F122: 통장 | I122: 공구기구비품
A123: 44287 | B123: 복리후생비 | C123: 배양리두루치기 | D123: 직원 식대 | E123: 25000 | F123: 통장 | I123: 광고선전비 | J123: 5000000
A124: 44287 | B124: 복리후생비 | C124: 쉐프의밥상 | D124: 직원 식대 | E124: 30000 | F124: 통장 | I124: 교육훈련비
A125: 44287 | B125: 복리후생비 | C125: 위례고깃집 | D125: 직원 식대 | E125: 22000 | F125: 통장 | I125: 도서인쇄비
A126: 44287 | B126: 운반비 | C126: 용창영 | D126: 용차비 | E126: 80500 | F126: 통장 | I126: 미지급급 | J126: 19160076
A127: 44287 | B127: 복리후생비 | C127: 세븐일레븐(판교백현점) | D127: 음 | E127: 6000 | F127: 통장 | I127: 방역비
A128: 44287 | B128: 복리후생비 | C128: 엉터리집 | D128: 직원 식대 | E128: 62000 | F128: 통장 | I128: 보험료
A129: 44287 | B129: 복리후생비 | C129: 짬뽕의달인 | D129: 직원 식대 | E129: 27000 | F129: 통장 | I129: 복리후생비 | J129: 1949150
A130: 44287 | B130: 복리후생비 | C130: 어깨동무한의원 | D130: 직원 진료비 | E130: 41300 | F130: 통장 | I130: 상여금
A131: 44287 | B131: 차량유지비 | C131: 해동주유소 | D131: 차량유류비 | E131: 50000 | F131: 통장 | I131: 상품 | J131: 4116620
A132: 44288 | B132: 운반비 | C132: 개별화물 이춘원 | D132: 용차비 | E132: 154000 | F132: 통장 | I132: 생계유지비
...

Sheet 7.공익채권
A1: 7. 공익채권 현황표
A2: (20**. 04. 30. 기준)
J3: (단위 : 원)
A4: 구분 | B4: 개시결정일(2020. 08. 31.) 기준 | C4: 전년도말 | D4: 전분기말 | E4: 전월말 | F4: 당월말 | G4: 개시결정일 (또는 인가일 대비증감) | H4: 전년도말 대비증감 | I4: 전분기말 대비증감 | J4: 전월말 대비증감
A5: 은행 | J5: =F5-E5 -> 0
A6: 보험회사 | J6: =F6-E6 -> 0
A7: 금융기관 공익채권 계 | B7: =SUM(B5:B6) -> 0 | C7: =SUM(C5:C6) -> 0 | D7: =SUM(D5:D6) -> 0 | E7: =SUM(E5:E6) -> 0 | F7: =SUM(F5:F6) -> 0 | G7: =SUM(G5:G6) -> 0 | H7: =SUM(H5:H6) -> 0 | I7: =SUM(I5:I6) -> 0 | J7: =SUM(J5:J6) -> 0
A8: 어음채무 | J8: =F8-E8 -> 0
A9: 매입채무 | E9: 0 | F9: 0 | G9: =F9-B9 -> 0 | J9: =F9-E9 -> 0
A10: 상거래 공익채권계 | B10: =SUM(B8:B9) -> 0 | C10: =SUM(C8:C9) -> 0 | D10: =SUM(D8:D9) -> 0 | E10: =SUM(E8:E9) -> 0 | F10: =SUM(F8:F9) -> 0 | G10: =SUM(G8:G9) -> 0 | H10: =SUM(H8:H9) -> 0 | I10: =SUM(I8:I9) -> 0 | J10: =F10-E10 -> 0
A11: 조세 | J11: =F11-E11 -> 0
A12: 건강보험료 | J12: =F12-E12 -> 0
A13: 제세공과금 공익채권 계 | B13: =SUM(B11:B12) -> 0 | C13: =SUM(C11:C12) -> 0 | D13: =SUM(D11:D12) -> 0 | E13: =SUM(E11:E12) -> 0 | F13: =SUM(F11:F12) -> 0 | G13: =SUM(G11:G12) -> 0 | H13: =SUM(H11:H12) -> 0 | I13: =SUM(I11:I12) -> 0 | J13: =SUM(J11:J12) -> 0
A14: 미지급급여 | B14: 29459146 | C14: 25459146 | D14: 25459146 | E14: 21459146 | F14: 21356526 | G14: =F14-B14 -> -8102620 | H14: =F14-C14 -> -4102620 | I14: =F14-D14 -> -4102620 | J14: =F14-E14 -> -102620
A15: 미지급퇴직금 | B15: 0 | C15: 0 | D15: 0 | E15: 0 | F15: 0 | G15: 0 | H15: 0 | I15: 0 | J15: =F15-E15 -> 0
A16: 노무비 | B16: 0 | C16: 0 | D16: 0 | E16: 0 | F16: 0 | G16: =F16-B16 -> 0 | H16: =F16-C16 -> 0 | I16: =F16-D16 -> 0 | J16: =F16-E16 -> 0
A17: 기타 | J17: =F17-E17 -> 0
A18: 기타 공익채권 계 | B18: =SUM(B14:B17) -> 29459146 | C18: =SUM(C14:C17) -> 25459146 | D18: =SUM(D14:D17) -> 25459146 | E18: =SUM(E14:E17) -> 21459146 | F18: =SUM(F14:F17) -> 21356526 | G18: =SUM(G14:G17) -> -8102620 | H18: =SUM(H14:H17) -> -4102620 | I18: =SUM(I14:I17) -> -4102620 | J18: =SUM(J14:J17) -> -102620
A19: 합계 | B19: =B7+B10+B13+B18 -> 29459146 | C19: =C7+C10+C13+C18 -> 25459146 | D19: =D7+D10+D13+D18 -> 25459146 | E19: =E7+E10+E13+E18 -> 21459146 | F19: =F7+F10+F13+F18 -> 21356526 | G19: =G7+G10+G13+G18 -> -8102620 | H19: =H7+H10+H13+H18 -> -4102620 | I19: =I7+I10+I13+I18 -> -4102620 | J19: =J7+J10+J13+J18 -> -102620
A21: 보유 매출채권 계 | B21: 120013664 | C21: 77326760 | D21: 77326760 | E21: 86086060 | F21: 91570360 | G21: =F21-B21 -> -28443304 | H21: =F21-C21 -> 14243600 | I21: =F21-D21 -> 14243600 | J21: =F21-E21 -> 5484300
A36: 2013. 10. 31 현금시재 소계
A37: 2013. 10. 31. 보통예금 시재 소계

Sheet 8.시재현황
A1: 8. 시재보유 현황
A3: ='7.공익채권'!A2 -> (20**. 04. 30. 기준)
G4: (단위 : 원 )
A5: 구분 | B5: 예적금코드명 | C5: 계좌번호 | D5: 잔 액 | E5: 비고
A6: 현금 | B6: 시재 | D6: 0
A7: 기업자유예탁금 | B7: 농협은행 | C7: 355-00**-***3-83 | D7: 115973502
A8: 기업자유예탁금 | B8: 농협은행 | C8: 355-00**-***0-63 | D8: 3378958
A9: 기업자유예탁금 | B9: 농협은행 | C9: 355-00**-***1-53 | D9: 801
A10: 보통예금 | B10: 신한은행 | C10: 100-***-609*** | D10: 41390736
A11: KB기업종합통장 | B11: 국민은행 | C11: 794***-04-00**** | D11: 1000
A12: 기업자유예금 | B12: 하나은행 | C12: 145-****11-****4 | D12: 1651
A13: 기업자유예금 | B13: 기업은행 | C13: ***-013***-04-*** | D13: 179
A14: 의정부지방법원 고양지원 | B14: 금전공탁서 | C14: 2020년 금 제3***호 | D14: 15051900 | G14: 가용자금 제외(압류 공탁금)
A15: 의정부지방법원 고양지원 | B15: 금전공탁서 | C15: 2020년 금 제***5호 | D15: 14668500 | G15: 가용자금 제외(압류 공탁금)
A16: 의정부지방법원 고양지원 | B16: 배당사실증명서 | C16: 2020년 금 제***6호 | D16: 6453778 | G16: ㈜***케이 가압류 배당 공탁금
A17: 퇴직연금 | B17: 기업은행 | C17: ***-****67-*4-0** | D17: 5216558 | G17: 가용자금 제외
A18: 합 계 | D18: =SUM(D6:D17) -> 202137563
A19: (註) 시재보유 금액 \202,137,563원중 공탁금 및 퇴직연금 잔액 \41,390,736원을 제외한 실제 가용자금은 \160,746,827원입니다. | H19: 예금잔액 | I19: 공탁금&퇴직연금
G20: =D18-I20 -> 160746827 | H20: =G20-D6 -> 160746827 | I20: =SUM(D14:D17) -> 41390736
A23: 구분 | B23: 예적금코드명 | C23: 계좌번호 | D23: 잔 액 | E23: 비고
A30: 합 계 | D30: =SUM(D24:D29) -> 0
D38: =D36+D24 -> 0
I60: 세무법인한맘
I61: 현제전자(박춘화)

Sheet 기업외화
A1: 외화예금거래내역조회
A2: 계좌번호 : 345-052147-56-00010 | E2: 예금종류 : 거주자외화보통예금
A3: 예금주명 : (주)유스테크 | E3: 조회기간 : 2018-01-01 ~ 2018-01-31
A4: No | B4: 거래일시 | C4: 통화 | D4: 입금 | E4: 출금 | F4: 거래후잔액 | G4: 적요 | H4: 수출계좌번호 | I4: 해외수입업자
A5: 1 | B5: 2018-01-05 17:48:45 | C5: USD | D5: 0 | E5: 242 | F5: 699.9 | G5: 외화송금출금
A6: 2 | B6: 2018-01-25 17:24:00 | C6: USD | D6: 0 | E6: 699.9 | F6: 0 | G6: 기타
B7: 합계 | C7: USD | D7: 0 | E7: 941.9
A9: 외화예금거래내역조회
A10: 계좌번호 : 345-052147-56-00010 | E10: 예금종류 : 거주자외화보통예금
A11: 예금주명 : (주)유스테크 | E11: 조회기간 : 2017-12-01 ~ 2017-12-31
A12: No | B12: 거래일시 | C12: 통화 | D12: 입금 | E12: 출금 | F12: 거래후잔액 | G12: 적요 | H12: 수출계좌번호 | I12: 해외수입업자
A13: 1 | B13: 2017-12-07 11:14:01 | C13: USD | D13: 0 | E13: 325 | F13: 74852.55 | G13: 외화송금출금
A14: 2 | B14: 2017-12-08 09:13:13 | C14: USD | D14: 0 | E14: 73000 | F14: 1852.55 | G14: 원화입금
A15: 3 | B15: 2017-12-20 13:03:37 | C15: USD | D15: 15167.8 | E15: 0 | F15: 17020.35 | G15: 해외송금 | I15: XINGKE ELECTRONICS (HK) CO.,LTD
A16: 4 | B16: 2017-12-24 09:35:39 | C16: USD | D16: 0.71 | E16: 0 | F16: 17021.06 | G16: 2017년결산
A17: 5 | B17: 2017-12-27 11:56:11 | C17: USD | D17: 0 | E17: 710.4 | F17: 16310.66 | G17: 외화송금출금
A18: 6 | B18: 2017-12-29 15:38:35 | C18: USD | D18: 54631.24 | E18: 0 | F18: 70941.9 | G18: CELLTECHNOLOGY CO.,LTD.
A19: 7 | B19: 2017-12-29 16:28:58 | C19: USD | D19: 0 | E19: 70000 | F19: 941.9 | G19: 원화입금
B20: 합계 | C20: USD | D20: 69799.75 | E20: 144035.4

Sheet Sheet1

Sheet Sheet2

Sheet 농협(5353-83)
B1: 농협은행
B3: 입출금거래내역조회결과
B4: 현재시간 : 20**년 05월 03일 10시 02분 14초
B5: 계좌번호 | C5: 355-00**-***3-83 | E5: 예금종류 | G5: 기업자유예탁금
B6: 예금주명 | C6: ㈜*****스 | E6: 현재통장잔액 | G6: 0
B7: 조회기간 | C7: 20**/04/01 ~ 20**/04/30 | E7: 현재지급가능잔액 | G7: 0
B8: ● 입출금거래내역 | I8: (단위: 원)
B9: 거래일시 | C9: 출금금액 | D9: 입금금액 | E9: 거래후잔액 | F9: 거래내용 | G9: 거래기록사항 | H9: 거래점 | I9: 이체메모
B10: 2021/04/21 19:05:40 | C10: 735788 | E10: 12441401 | F10: 센터일괄 | G10: 메리츠캐피탈 | H10: 농협 000367 | I10: 출금취소건
B11: 2021/04/22 11:09:14 | D11: 735788 | E11: 13177189 | F11: PC우리은행 | G11: 메리츠㈜** | H11: 우리 0845540 | I11: 출금취소건
B12: 2021/04/23 11:07:01 | C12: 1 | E12: 13177188 | F12: 인터넷당행 | G12: ㈜**로지스틱스 | H12: 농협 215066 | I12: NH(5360-63)으로 이체
B13: 2021/04/23 11:10:43 | C13: 13100000 | E13: 77188 | F13: 인터넷당행 | G13: 계좌통합 | H13: 농협 215066 | I13: NH(5360-63)으로 이체
B14: 2021/04/26 20:19:03 | C14: 77188 | E14: 0 | F14: 자동납부 | G14: BMW | H14: 농협 000002 | I14: 환입예정
B15: 2021/04/30 18:24:49 | D15: 808500 | E15: 808500 | F15: E-하나은행 | G15: (주)동원엔터프라이 | H15: 하나 0812159
B16: 2021/04/30 20:10:35 | C16: 808500 | E16: 0 | F16: 자동납부 | G16: BMW | H16: 농협 000002 | I16: 환입예정
B17: · 고객님이 요청하신 대로 위와 같이 처리되었습니다. · 본 확인증은 고객님의 편의를 위하여 제공되는 것으로 법적 효력은 없습니다. · 농협 인터넷뱅킹을 이용해 주셔서 대단히 감사합니다.

Sheet 농협(5360-63)
B1: 농협은행
B3: 입출금거래내역조회결과
B4: 현재시간 : 20**년 05월 03일 10시 04분 20초
B5: 계좌번호 | C5: 355-00**-***0-63 | E5: 예금종류 | G5: 기업자유예탁금
B6: 예금주명 | C6: ㈜*****스 | E6: 현재통장잔액 | G6: 3117458
B7: 조회기간 | C7: 20**/04/01 ~ 20**/04/30 | E7: 현재지급가능잔액 | G7: 3117458
B8: ● 입출금거래내역 | I8: (단위: 원)
B9: 거래일시 | C9: 출금금액 | D9: 입금금액 | E9: 거래후잔액 | F9: 거래내용 | G9: 거래기록사항 | H9: 거래점 | I9: 이체메모
B10: 2021/04/01 06:06:22 | C10: 21100 | E10: 1355726 | F10: NH체크 | G10: CU**대로점 | H10: 농협 100280 | I10: 취소건
B11: 2021/04/01 06:20:52 | C11: -21100 | E11: 1376826 | F11: NH체크 | G11: CU**대로점 | H11: 농협 100280 | I11: 취소건
B12: 2021/04/01 06:21:14 | C12: 17500 | E12: 1359326 | F12: NH체크 | G12: CU**대로점 | H12: 농협 100280
B13: 2021/04/01 10:24:50 | C13: 4420 | E13: 1354906 | F13: NH체크 | G13: 세븐일레븐(**백현점) | H13: 농협 100280
B14: 2021/04/01 12:51:56 | C14: 25000 | E14: 1329906 | F14: NH체크 | G14: **리두루치기 | H14: 농협 100280
B15: 2021/04/01 13:24:44 | C15: 30000 | E15: 1299906 | F15: NH체크 | G15: **의밥상 | H15: 농협 100280
B16: 2021/04/01 13:33:55 | C16: 22000 | E16: 1277906 | F16: NH체크 | G16: **고깃집 | H16: 농협 100280
B17: 2021/04/01 14:29:30 | C17: 80500 | E17: 1197406 | F17: G-기업은행 | G17: 용** | H17: 농협 100280 | I17: 판교에서 평택가구 이전알바비
B18: 2021/04/01 16:22:03 | C18: 6000 | E18: 1191406 | F18: NH체크 | G18: 세븐일레븐(**백현점) | H18: 농협 100280
B19: 2021/04/01 16:34:56 | C19: 62000 | E19: 1129406 | F19: NH체크 | G19: ***집 | H19: 농협 100280
B20: 2021/04/01 17:26:39 | D20: 407000 | E20: 1536406 | F20: E-우리은행 | G20: **카드고객서비스 | H20: 우리 0845595
B21: 2021/04/01 17:38:51 | C21: 27000 | E21: 1509406 | F21: NH체크 | G21: **의달인 | H21: 농협 100280
B22: 2021/04/01 18:39:11 | C22: 41300 | E22: 1468106 | F22: NH체크 | G22: ****한의원 | H22: 농협 100280
B23: 2021/04/01 19:11:58 | C23: 50000 | E23: 1418106 | F23: NH체크 | G23: **주유소 | H23: 농협 100280
B24: 2021/04/02 12:56:02 | C24: 154500 | E24: 1263606 | F24: G-국민은행 | G24: 개별화물 이** | H24: 농협 100280 | I24: 판교 사택이전용차비
B25: 2021/04/02 12:56:03 | C25: 231000 | E25: 1032606 | F25: 인터넷당행 | G25: **사다리차 강** | H25: 농협 100280 | I25: 보관집기가정이사 사다리차사용
B26: 2021/04/02 12:56:04 | C26: 120000 | E26: 912606 | F26: 인터넷당행 | G26: 양** | H26: 농협 100280 | I26: 판교 사택이사사다리차
B27: 2021/04/02 12:56:05 | C27: 240500 | E27: 672106 | F27: G-신한은행 | G27: 고** | H27: 농협 100280 | I27: 보관집기가정이사 주방용역
B28: 2021/04/02 12:56:06 | C28: 150500 | E28: 521606 | F28: G-카카오 | G28: 이** | H28: 농협 100280 | I28: 김영호 보관집기 가정이사 용역
B29: 2021/04/02 13:26:45 | C29: 8000 | E29: 513606 | F29: NH체크 | G29: 가츠몽**점 | H29: 농협 100280
B30: 2021/04/02 14:58:47 | C30: 30000 | E30: 483606 | F30: NH체크 | G30: **에너지㈜**주유소 | H30: 농협 100280
B31: 2021/04/02 17:35:28 | C31: 144000 | E31: 339606 | F31: NH체크 | G31: 아** | H31: 농협 100280
B32: 2021/04/02 17:48:15 | C32: 1000 | E32: 338606 | F32: NH체크 | G32: ****타워입주자대표운영위원 | H32: 농협 100280
B33: 2021/04/02 19:10:37 | C33: 50000 | E33: 288606 | F33: NH체크 | G33: **주유소 | H33: 농협 100280
B34: 2021/04/02 19:47:57 | C34: 12500 | E34: 276106 | F34: NH체크 | G34: **천국 | H34: 농협 100280
B35: 2021/04/02 20:08:45 | C35: 25400 | E35: 250706 | F35: NH체크 | G35: emart24***거리점 | H35: 농협 100280
B36: 2021/04/03 00:49:16 | C36: 97500 | E36: 153206 | F36: NH체크 | G36: **향 | H36: 농협 100280
B37: 2021/04/03 02:47:53 | C37: 60000 | E37: 93206 | F37: NH체크 | G37: 30개월 | H37: 농협 100280
B38: 2021/04/03 12:52:00 | C38: 8000 | E38: 85206 | F38: NH체크 | G38: **서울해장국**집****점 | H38: 농협 100280
B39: 2021/04/03 18:27:42 | C39: 8000 | E39: 77206 | F39: NH체크 | G39: **왕순대 | H39: 농협 100280
B40: 2021/04/03 22:24:09 | C40: 45000 | E40: 32206 | F40: NH체크 | G40: ***의아침A | H40: 농협 100280
B41: 2021/04/03 22:55:19 | C41: 29000 | E41: 3206 | F41: NH체크 | G41: **치킨금왕점 | H41: 농협 100280
B42: 2021/04/05 09:36:19 | D42: 550000 | E42: 553206 | F42: E-기업은행 | G42: 제이*** | H42: 기업 0032298
B43: 2021/04/05 12:49:46 | C43: 18000 | E43: 535206 | F43: NH체크 | G43: **설렁탕 | H43: 농협 100280
B44: 2021/04/05 13:03:12 | C44: 17000 | E44: 518206 | F44: 인터넷당행 | G44: 기공 김** | H44: 농협 100280 | I44: 4월3일 점심식대 결제
B45: 2021/04/05 13:05:09 | C45: 12000 | E45: 506206 | F45: NH체크 | G45: 주식회사*** | H45: 농협 100280
B46: 2021/04/05 21:02:04 | C46: 38000 | E46: 468206 | F46: NH체크 | G46: **집 | H46: 농협 100280
B47: 2021/04/05 21:51:30 | C47: 6500 | E47: 461706 | F47: NH체크 | G47: **커리(**점) | H47: 농협 100280
B48: 2021/04/06 10:32:25 | D48: 660000 | E48: 1121706 | F48: E-국민은행 | G48: **영(***셀) | H48: 국민 0197641
B49: 2021/04/06 12:47:12 | C49: 8500 | E49: 1113206 | F49: NH체크 | G49: **오아시스㈜**휴게소 | H49: 농협 100280
B50: 2021/04/06 13:55:18 | C50: 190000 | E50: 923206 | F50: NH체크 | G50: **유리샷시 | H50: 농협 100280
B51: 2021/04/06 14:51:34 | C51: 30000 | E51: 893206 | F51: NH체크 | G51: **휴게소(**)주유소 | H51: 농협 100280
B52: 2021/04/06 16:45:00 | C52: 21010 | E52: 872196 | F52: NH체크 | G52: **광탄분수178 | H52: 농협 100280
B53: 2021/04/07 12:35:33 | C53: 7000 | E53: 865196 | F53: NH체크 | G53: 주식회사***콩나물국밥 | H53: 농협 100280
B54: 2021/04/07 12:45:26 | C54: 8000 | E54: 857196 | F54: NH체크 | G54: ***순대국 | H54: 농협 100280
B55: 2021/04/07 13:11:30 | D55: 1650000 | E55: 2507196 | F55: E-국민은행 | G55: 배**(**테크) | H55: 국민 0066044 | I55: 매출취소 건
B56: 2021/04/07 13:50:59 | C56: 1400500 | E56: 1106696 | F56: G-국민은행 | G56: **투셀 | H56: 농협 100280 | I56: **투셀 집기구매
B57: 2021/04/07 14:48:58 | C57: 4400 | E57: 1102296 | F57: NH체크 | G57: 이리스 | H57: 농협 100280
B58: 2021/04/07 14:52:19 | C58: 29920 | E58: 1072376 | F58: NH체크 | G58: **광탄분수178 | H58: 농협 100280
B59: 2021/04/07 17:52:19 | C59: 251690 | E59: 820686 | F59: 스마트당행 | G59: 7846분납보험 | H59: 농협 100280
B60: 2021/04/07 18:37:49 | C60: 5300 | E60: 815386 | F60: NH체크 | G60: (주)티머니개인택시영세 | H60: 농협 100280
B61: 2021/04/07 23:30:18 | C61: 10800 | E61: 804586 | F61: NH체크 | G61: (주)티머니개인택시영세 | H61: 농협 100280
B62: 2021/04/07 23:41:08 | C62: 4900 | E62: 799686 | F62: NH체크 | G62: (주)티머니개인택시영세 | H62: 농협 100280
B63: 2021/04/08 11:17:57 | C63: 8200 | E63: 791486 | F63: NH체크 | G63: ****에비뉴**KT점 | H63: 농협 100280
B64: 2021/04/08 12:22:03 | C64: 9900 | E64: 781586 | F64: NH체크 | G64: 주식회사**익스프레스파크 | H64: 농협 100280
B65: 2021/04/08 12:26:13 | C65: 6500 | E65: 775086 | F65: NH체크 | G65: KCP-결제 | H65: 농협 100280
B66: 2021/04/08 14:05:11 | C66: 4200 | E66: 770886 | F66: NH체크 | G66: CU**캐슬 | H66: 농협 100280
B67: 2021/04/08 14:34:57 | C67: 30000 | E67: 740886 | F67: NH체크 | G67: **H에너지(주)직영**주유소 | H67: 농협 100280
B68: 2021/04/08 14:50:35 | D68: 1400000 | E68: 2140886 | F68: E-국민은행 | G68: 류**(**투셀) | H68: 국민 0197641 | I68: 4/7 취소건
B69: 2021/04/08 14:51:11 | C69: 8500 | E69: 2132386 | F69: NH체크 | G69: 하이보 | H69: 농협 100280
B70: 2021/04/08 15:24:20 | C70: 1650500 | E70: 481886 | F70: G-국민은행 | G70: **테크 | H70: 농협 100280 | I70: 판매집기 반납금
B71: 2021/04/08 16:05:18 | C71: 5000 | E71: 476886 | F71: NH체크 | G71: ***153 | H71: 농협 100280
B72: 2021/04/08 17:42:31 | C72: 50000 | E72: 426886 | F72: NH체크 | G72: **에너지나**주유소 | H72: 농협 100280
B73: 2021/04/08 18:33:12 | C73: 149120 | E73: 277766 | F73: IC효성 | G73: 김**(K | H73: 농협 HYJ9589
B74: 2021/04/09 10:10:46 | D74: 3701500 | E74: 3979266 | F74: PC우리은행 | G74: 호텔** | H74: 우리 0845595
B75: 2021/04/09 10:53:03 | D75: 1331000 | E75: 5310266 | F75: PC하나은행 | G75: **시스템 | H75: 하나 0811202
B76: 2021/04/09 11:52:15 | C76: 8000 | E76: 5302266 | F76: NH체크 | G76: **청기와감자탕 | H76: 농협 100280
B77: 2021/04/09 12:31:00 | C77: 16000 | E77: 5286266 | F77: NH체크 | G77: **감자탕 | H77: 농협 100280
B78: 2021/04/09 13:37:29 | C78: 6000 | E78: 5280266 | F78: NH체크 | G78: **식당 | H78: 농협 100280
B79: 2021/04/09 14:52:36 | C79: 2000 | E79: 5278266 | F79: NH체크 | G79: ***약국 | H79: 농협 100280
B80: 2021/04/09 15:10:45 | D80: 443850 | E80: 5722116 | F80: 인터넷당행 | G80: 김**(**프린텍) | H80: 농협 001190
B81: 2021/04/09 15:17:03 | D81: 1848000 | E81: 7570116 | F81: 폰카카오 | G81: 황** | H81: 카카오뱅크 0900032
B82: 2021/04/09 16:02:34 | C82: 4400 | E82: 7565716 | F82: 제로페이결 | G82: 한국도로공사 | H82: 농협 100280
B83: 2021/04/09 17:14:44 | C83: 2000500 | E83: 5565216 | F83: S-신협 | G83: 김** | H83: 농협 100280
B84: 2021/04/09 17:18:54 | C84: 1400000 | E84: 4165216 | F84: 스마트당행 | G84: **표 | H84: 농협 100280
B85: 2021/04/09 17:22:14 | C85: 840500 | E85: 3324716 | F85: S-우리은행 | G85: **연 | H85: 농협 100280
B86: 2021/04/09 19:23:24 | C86: 1900 | E86: 3322816 | F86: NH체크 | G86: 지에스25**스타점 | H86: 농협 100280
B87: 2021/04/10 15:44:57 | C87: 57000 | E87: 3265816 | F87: NH체크 | G87: **자연산막회 | H87: 농협 100280
B88: 2021/04/10 16:30:24 | C88: 8000 | E88: 3257816 | F88: NH체크 | G88: **피자 | H88: 농협 100280
B89: 2021/04/11 17:38:00 | C89: 30000 | E89: 3227816 | F89: NH체크 | G89: **석유㈜**주유소 | H89: 농협 100280
B90: 2021/04/11 20:45:11 | C90: 1201000 | E90: 2026816 | F90: IC한네트 | G90: 문** | H90: 농협 KCI1058
B91: 2021/04/12 06:06:18 | C91: 6020 | E91: 2020796 | F91: NH체크 | G91: CU**점 | H91: 농협 100280
B92: 2021/04/12 06:58:25 | C92: 6440 | E92: 2014356 | F92: 통지수수료 | G92: UMS수수료 | H92: 농협 100280
B93: 2021/04/12 12:55:36 | C93: 16000 | E93: 1998356 | F93: NH체크 | G93: **순대국 | H93: 농협 100280
B94: 2021/04/12 15:34:26 | C94: 33000 | E94: 1965356 | F94: NH체크 | G94: **20한우전문점 | H94: 농협 100280
B95: 2021/04/12 16:53:57 | D95: 4400000 | E95: 6365356 | F95: E-하나은행 | G95: ㈜**컴코리 | H95: 하나 0802787
B96: 2021/04/12 16:54:02 | D96: 610703 | E96: 6976059 | F96: E-하나은행 | G96: ㈜**컴코리 | H96: 하나 0802787
B97: 2021/04/12 16:54:07 | D97: 594000 | E97: 7570059 | F97: E-하나은행 | G97: ㈜**컴코리 | H97: 하나 0802787
B98: 2021/04/12 18:37:02 | C98: 2582210 | E98: 4987849 | F98: G-신한은행 | G98: 이**03월급여 | H98: 농협 100280
B99: 2021/04/12 18:49:47 | C99: 800500 | E99: 4187349 | F99: G-하나은행 | G99: 이**03월급여 | H99: 농협 100280
B100: 2021/04/12 19:04:16 | C100: 1000500 | E100: 3186849 | F100: G-기업은행 | G100: 김**미지급급여 | H100: 농협 100280
B101: 2021/04/12 22:45:25 | C101: 7000 | E101: 3179849 | F101: NH체크 | G101: 씨유(CU)****도서관점 | H101: 농협 100280
...

Sheet 농협(8661-53)
B1: 농협은행
B3: 입출금거래내역조회결과
B4: 현재시간 : 20**년 05월 03일 10시 12분 43초
B5: 계좌번호 | C5: 355-00**-***1-53 | E5: 예금종류 | G5: 기업자유예탁금
B6: 예금주명 | C6: ㈜*****스 | E6: 현재통장잔액 | G6: 801
B7: 조회기간 | C7: 20**/09/01 ~ 20**/04/30 | E7: 현재지급가능잔액 | G7: 801
B8: ● 입출금거래내역 | I8: (단위: 원)
B9: 거래일시 | C9: 출금금액 | D9: 입금금액 | E9: 거래후잔액 | F9: 거래내용 | G9: 거래기록사항 | H9: 거래점 | I9: 이체메모
B10: 2020/09/27 10:56:49 | D10: 1 | E10: 801 | F10: 예금이자 | H10: 농협 201058
B11: · 고객님이 요청하신 대로 위와 같이 처리되었습니다. · 본 확인증은 고객님의 편의를 위하여 제공되는 것으로 법적 효력은 없습니다. · 농협 인터넷뱅킹을 이용해 주셔서 대단히 감사합니다.

Sheet 신한(609835)
A1: 신한은행
A4: 예금 거래내역 조회
G5: 2021.05.03 10:26:40 현재
A6: 계좌번호 | C6: 100-***-609***
A7: 조회기간 | C7: 2021.04.01~2021.04.30
A8: 조회구분 | C8: 전체
A10: 예금종류 | C10: 보통예금 | F10: 현재잔액 | G10: 0 원
A11: 계좌번호 | C11: 100-032-609835 | F11: 출금가능금액 | G11: 0 원
A12: 고객명 | C12: ㈜*****스 | F12: 연장금액 | G12: 0 원
A13: 최종거래일자 | C13: 20*.04.29 | F13: 대출한도 | G13: 0 원
A14: 대출이자 | C14: 0 원 | F14: 지급제한금액 | G14: 0 원
A16: No | B16: 거래일시 | C16: 적요 | D16: 입금액 | E16: 출금액 | F16: 내용 | G16: 잔액 | H16: 거래점명 | I16: 입금인코드
A17: 1 | B17: 2021.04.27 17:40:57 | C17: 이자수 | D17: 0 | E17: 3,208,523 | F17: 351002189051 | G17: 14,964 | H17: 인천주
A18: 2 | B18: 2021.04.27 17:40:58 | C18: 이자수 | D18: 0 | E18: 10,491 | F18: 351002189075 | G18: 4,473 | H18: 인천주
A19: 3 | B19: 2021.04.27 14:25:10 | C19: 정정 | D19: 0 | E19: -3,208,523 | F19: 351002189051 | G19: 3,212,996 | H19: 인천주
A20: 4 | B20: 2021.04.27 14:25:27 | C20: 정정 | D20: 0 | E20: -10,491 | F20: 351002189075 | G20: 3,223,487 | H20: 인천주
A21: 5 | B21: 2021.04.29 12:41:13 | C21: BZ뱅크 | D21: 0 | E21: 3,222,987 | F21: ㈜****스 | G21: 500 | H21: 인천주 | I21: NH(5360-63)으로 이체
A22: 6 | B22: 2021.04.29 12:41:13 | C22: BZ수수 | D22: 0 | E22: 500 | F22: ㈜****스 | G22: 0 | H22: 인천주
A24: 입금건수 / 입금합계 : 0 건 / 0 원 | F24: 출금건수 / 출금합계 : 6 건 / 3,223,487 원

Sheet 국민(006781)
A1: 국민은행
A3: 예금신탁계좌조회
A5: 입출금이 자유로운 예금계좌
A7: No | B7: 계좌번호 | C7: 계좌명 | D7: 계좌별명 | E7: 신규일 | F7: 잔액(원)
A8: 1 | B8: 794***-04-00**** | C8: 사업자응원통장-기업자유 | E8: 43172 | F8: 1000

Sheet 하나(13904)
A1: 하나은행
A3: 계좌목록
A5: 출력일시 : 2021-05-03 10:33:01
A7: - 입출금
A8: 계좌명(별칭) | B8: 계좌번호 | C8: 구계좌번호 | D8: 신규일 | E8: 최종거래일/만기일 | F8: 잔액
A9: 기업자유예금 | B9: 145-****11-****4 | D9: 2016-07-27 | E9: 2020-01-06 | F9: 1,651
A10: 합계 | F10: 1,651

Sheet 기업(04-018)
A1: 기업은행
A3: 거래내역조회_입출식 예금
A4: 계좌번호 : ***-013***-04-*** | G4: 조회기준일 : 2021년 05월 03일 10:34
A5: 예금주명 : ㈜*****스 | G5: 예금종류 : 기업자유예금(기업섬김통장)
A6: 현재잔액 : 179원 | G6: 출금가능금액 : 0원
A7: 조회시작일자 : 2021-04-01 | G7: 조회종료일자 : 2021-04-30
A8: No | B8: 거래일시 | C8: 출금 | D8: 입금 | E8: 거래후 잔액 | F8: 거래내용 | G8: 상대계좌번호 | H8: 상대은행 | I8: 거래구분 | J8: 수표어음금액 | K8: CMS코드 | L8: 상대계좌예금주명
A9: 1 | B9: 2021-04-19 07:17:36 | C9: 0 | D9: 0 | E9: 179 | F9: 2021년결산 | I9: 이자 | J9: 0
B10: 합계 | C10: 0 | D10: 0

Sheet 기업(94-001)
A1: 기업은행(퇴직연금)
A3: 퇴직연금 인쇄하기
A4: No | B4: 예금구분 | C4: 예금종류 | D4: 계좌번호 | E4: 계좌별명 | F4: 만기일 | G4: 최종거래일 | H4: 잔액
A5: 1 | B5: 퇴직연금 | C5: 확정급여형퇴직연금(DB) | D5: ***-01****-9*-*** | E5: 퇴직연금 | F5: 2016-09-25 | G5: 2020-12-31 | H5: 5216558
H6: 5216558

Sheet 4대보험
B1: 납부액 | C1: 회사부담 | D1: 직원부담 | E1: 합계 | F1: 회사부담율 | G1: 직원부담율
A2: 건강보험료 | B2: 500780 | C2: =B2*50% -> 250390 | D2: =B2*50% -> 250390 | E2: =F2+G2 -> 0.0667 | F2: 0.03335 | G2: 0.03335
A3: 장기요양보험료 | B3: 57640 | C3: =B3*50% -> 28820 | D3: =B3*50% -> 28820 | E3: =F3+G3 -> 0.1025 | F3: 0.05125 | G3: 0.05125
A4: 소계 | B4: =SUM(B2:B3) -> 558420 | C4: =SUM(C2:C3) -> 279210 | D4: =SUM(D2:D3) -> 279210
A5: 연금보험료 | B5: 311840 | C5: =B5*50% -> 155920 | D5: =B5*50% -> 155920 | E5: =F5+G5 -> 0.09 | F5: 0.045 | G5: 0.045
A6: 고용보험료 | B6: 75990 | C6: =B6*F6/E6 -> 43129.459 | D6: =B6-C6 -> 32860.541 | E6: =F6+G6 -> 0.0185 | F6: 0.0105 | G6: 0.008
A7: 산재보험료 | B7: 36260 | C7: =B7 -> 36260 | D7: 0 | F7: 1
A8: 합계 | B8: =SUM(B5:B7)+B4 -> 982510 | C8: =SUM(C5:C7)+C4 -> 514519.46 | D8: =SUM(D5:D7)+D4 -> 467990.54
A10: * 형광표시부분만 입력
A11: * 4대보험료 요율 변경시 변경 요망

Sheet 계정과목
A1: 회생채권 | D1: 운반비
A2: 건물관리비 | D2: 원부재료비
A3: 공구기구비품 | D3: 이자비용
A4: 광고선전비 | D4: 일용직급여
A5: 교육훈련비 | D5: 임원급여
A6: 도서인쇄비 | D6: 잡비
A7: 미지급급 | D7: 재료비
A8: 방역비 | D8: 전력비
A9: 보험료 | D9: 접대비
A10: 복리후생비 | D10: 지급수수료
A11: 상여금 | D11: 지급임차료
A12: 상품 | D12: 직원급여
... A16: 소모품비 | D16: 기타
A17: 수도광열비
A18: 수선유지비
A19: 여비교통비
A20: 여비교통비
A21: 예납금
A22: 예수금
A23: 외주용역비
