Workbook
Name _: #N/A
Name _?: #REF!
Name _??_????æ: #REF!
Name _?__C: #REF!
Name _?__D__BRANCH_\: '[1]8100'!#REF!
Name _?_컛?___i: #REF!
Name _?­p_TOTAL: [3]major!#REF!
Name _?쨲?f: [4]MIP!#REF!
Name _?춑_TOTAL: [5]major!#REF!
Name _?춮t2: [6]현금경비중역!#REF!
Name _?춮ta: [6]현금경비중역!#REF!
Name _?춮tb: [6]현금경비중역!#REF!
Name __: #N/A
Name __?: #REF!
Name __??_????æ: #REF!
Name __?__C: #REF!
Name __?_컛?___i: #REF!
Name __?­p_TOTAL: [3]major!#REF!
Name __?쨲?f: [4]MIP!#REF!
Name __?춑_TOTAL: [5]major!#REF!
Name __?춮t2: [6]현금경비중역!#REF!
Name __?춮ta: [6]현금경비중역!#REF!
Name __?춮tb: [6]현금경비중역!#REF!
Name __________BUN1: #N/A
Name __________BUN2: #REF!
Name __________BUN2: #REF!
Name __________BUN3: #REF!
Name __________BUN3: #REF!
Name __________BUN4: #REF!
Name __________BUN4: #REF!
Name __________SUN1: #REF!
Name __________SUN1: #REF!
Name __________SUN2: #N/A
Name _________BUN1: #N/A
Name _________BUN2: #REF!
Name _________BUN2: #REF!
Name _________BUN3: #REF!
Name _________BUN3: #REF!
Name _________BUN4: #REF!
Name _________BUN4: #REF!
Name _________SUN1: #REF!
Name _________SUN1: #REF!
Name _________SUN2: #N/A
Name ________BUN1: #N/A
Name ________BUN2: #REF!
Name ________BUN2: #REF!
Name ________BUN3: #REF!
Name ________BUN3: #REF!
Name ________BUN4: #REF!
Name ________BUN4: #REF!
Name ________SUN1: #REF!
Name ________SUN1: #REF!
Name ________SUN2: #N/A
Name ________ttt1018: #REF!
Name _______BUN1: #N/A
Name _______BUN2: #REF!
Name _______BUN2: #REF!
Name _______BUN3: #REF!
Name _______BUN3: #REF!
Name _______BUN4: #REF!

Sheet 표지
A1: 서울회생법원 | C1: 제12부(나)
A2: 사건번호 | B2: 20** 회합 100*** 회생
A3: 개시결정일 : 20**. **. **.
A7: 회생담보권자, 회생채권자, 조세·벌금, 주주·지분권자의 목록·신고 및 시부인표
A13: 20**. **. **.
A16: 채무자 *****건설 주식회사
A17: 법률상관리인 대표이사 ***
D156: 0

Sheet 작성기준
A1: 회생담보권자, 회생채권자, 조세·벌금, 주주·지분권자의 시·부인 일반기준
A2: 1. 용어의 정의
A3: 가. 채무자 회생 및 파산에 관한 법률을 이하 “법”이라 함.
A4: 나. 채무자 대양종합건설 주식회사를 “채무자”라함.
A5: 다. 회생 절차 개시 결정일 : 2021. 12. 31.
A6: =""
A7: 2. 회생채권 및 회생담보권의 개념
A8: 가. 회생채권(법 제118조)
A9: 회생채권이란 채무자에 대하여 회생절차 개시전의 원인으로 생긴 재산상의 청구권을 의미함.
A10: 나. 회생담보권(법 제141조)
A11: 회생담보권이란 “회생채권”이나 “회생절차 개시전의 원인으로 생긴 채무자 외의 자에 대한 재산상의 청구권”으로서 회생절차 개시 당시 채무자의 재산상에 존재하는 유치권, 질권, 저당권, 양도 담보권, 가등기 담보권, 전세권, 우선특권으로 담보된 범위의 것을 의미함.
A13: 3. 시·부인 기준에 대한 공통 사항
A14: 가. 공익채권 신고
A15: 회생절차 개시 결정 이후의 원인으로 발생하여 공익채권에 해당하는 채권 신고는 부인함.
A16: 나. 증빙자료 미비
A17: 1) 증비자료 미비는 회사의 채무임을 확인할 수 없는 채권으로 부인 하고, 증빙자료로 첨부된 계약서, 약정서, 세금계산서 등의 내용과 신고한 채권의 내용이 불일치하는 부분은 부인함. 또한 이자지급 약정 없는 채권의 지급이자 신고액도 부인함(단, 회사에서 채권 내용이 확인된 경우에는 시인함).
A18: 2) 채권 신고 시 제출된 증빙자료로 채권자임을 확인할 수 없는 채권신고는 부인함.
A19: 다. 채권양도양수에 의한 채권 신고는 양도자의 채권이 회생회사 채무액과 일치 여부를 확인하여 일치한 경우 시인하고, 일치하지 아니한 경우에는 부인함.
... A44: 마. 회사 부인권 행사 기준일 채무자 회생 및 파산에 관한 법률 제100조의 ‘지급의 정지’ 기준일은 2021. 12. 07.로 함. (끝)
D164: 0

Sheet 목차
A2: 목 차
A4: 1. 회생담보권자, 회생채권자, 조세·벌금, 주주·지분권자의 목록·신고 및 시부인 총괄표 ------------------------------------------------- | K4: 1
A6: 2. 회생담보권 시 · 부인 명세서 -------------------------------------------------------------------------- | K6: 2
A8: 3. 담보물 배분 명세서 --------------------------------------------------------------------------------- | K8: 10
A10: 4. 회생채권 시·부인 명세서 -------------------------------------------------------------------- | K10: 11
A12: 5. 조세·벌금 등의 목록 · 신고 명세서 ---------------------------------------------------------------- | K12: 98
A14: 6. 주주, 지분권자의 목록 · 신고 명세서 -------------------------------------------------------------------------------------------------------------------------------- | K14: 101
A16: 7. 첨부서류
A17: * 감정평가서 - ** 감정평가법인
A18: * 감정평가서 - **** 감정평가법인
A19: * 감정평가서 - ** 감정평가법인 (1)
A20: * 감정평가서 - ** 감정평가법인 (2)
A21: * 국공채평가액
A22: * 건설공제조합 출자좌수 확인원
A23: * 중소기업은행 정기예금 평가액
A24: * 서울보증보험㈜ 미발생구상채권(미확정주채권, 미확정보증채권) 상세내역서
D165: 0

Sheet 1.간지
A6: 1. 회생담보권자, 회생채권자, 조세·벌금, 주주·지분권자의 목록·신고 및 시부인 총괄표
D156: =G150 -> 0

Sheet 1.시부인 총괄표
A1: 1. 회생담보권자, 회생채권자, 조세·벌금, 주주·지분권자의 목록·신고 및 시부인 총괄표
A2: 채무자 : ****건설 주식회사 | H2: (단위 : 원)
A3: 구 분 | C3: 건수 | D3: 신고액, 목록기재액 | E3: 시인액 | F3: 부인액 | G3: 의결권 인정액 | H3: 비고
A4: 회생담보권 | C4: ='2.담보시부인명세'!A89 -> 9 | D4: ='2.담보시부인명세'!K127 -> 202316923718 | E4: ='2.담보시부인명세'!L127 -> 14539327376 | F4: ='2.담보시부인명세'!M127 -> 187777596342 | G4: ='2.담보시부인명세'!N127 -> 14038700635 | H4: 회생담보권 중 회생채권시인액 : 187,777,596,342원 의결권이의액 : 500,626,741원(건설공제조합 미발생구상채권)
A5: 회생 채권 | B5: 회생채권 | C5: ='4. 회생채권자총괄표'!A3459 -> 376 | D5: ='4. 회생채권자총괄표'!G3493 -> 347971012223 | E5: ='4. 회생채권자총괄표'!H3493 -> 96465667806 | F5: ='4. 회생채권자총괄표'!I3493 -> 251505344417 | G5: ='4. 회생채권자총괄표'!J3493 -> 11901719084 | H5: 의결권이의액 : 84,563,948,722원 1. 서울보증보험㈜ : 59,780,198,617원 (미발생 구상채권 및 보증채권) 2. 모가농업협동조합 외 11 : 24,000,000,000원 (아리스타현장 보증채권) 3. ㈜대우건설 외 1 : 783,750,105원 (하자보수분담채권)
B6: 회생담보권 중 회생채권 시인액 | C6: (4) | E6: ='2.담보시부인명세'!O127 -> 187777596342 | F6: =-E6 -> -187777596342 | G6: ='2.담보시부인명세'!P127 -> 3140293151 | H6: 의결권이의액 : 184,637,303,191원 (건설공제조합 미발생구상채권) | I6: =E6-G6 -> 184637303191
B7: 소계 | C7: =SUM(C5:C6) -> 376 | D7: =SUM(D5:D6) -> 347971012223 | E7: =SUM(E5:E6) -> 284243264148 | F7: =SUM(F5:F6) -> 63727748075 | G7: =SUM(G5:G6) -> 15042012235
A8: 합 계 | C8: =C4+C7 -> 385 | D8: =D4+D7 -> 550287935941 | E8: =E4+E7 -> 298782591524 | F8: =F4+F7 -> 251505344417 | G8: =G4+G7 -> 29080712870
H9: (단위 : 원)
A10: 구분 | C10: 건수 | D10: 신고액, 목록기재액 | H10: 비고
A11: 조세채권 | C11: ='5. 조세ㆍ벌금등 채권자의 목록총괄표'!A89 -> 14 | D11: ='5. 조세ㆍ벌금등 채권자의 목록총괄표'!G98 -> 972871880 | H11: 1. 조사 대상이 아님
A12: 주주 및 지분권자 | C12: 5 | D12: 300,000주 (3,000,000,000원) | H12: 1. 조사 대상이 아님 2. 1주당 10,000원
D83: 0

Sheet 2.간지
A9: 2. 회생담보권 시·부인 명세서
D158: =G152 -> 0

Sheet 2.담보시부인명세
A1: ='2.간지'!A9 -> 2. 회생담보권 시·부인 명세서
A2: ='1.시부인 총괄표'!A2 -> 채무자 : ****건설 주식회사
A3: 순번 | B3: 신고 번호 | C3: 목록 번호 | D3: 담보권자 | E3: 주소 | F3: 담보권 종류 및 목적물 | G3: 가치평가 및 배분 | I3: 채권내용 | J3: 신고 | K3: 신고액· 목록기재액 | L3: 시인액 | M3: 부인액 | N3: 의결권 인정액 | O3: 회생채권 시인액 | P3: 회생채권 의결권인정액 | Q3: 시·부인 사유 | R3: 우선권 | S3: 비 고
A4: 1 | B4: 담보권1 | C4: 담보권1-1 | D4: ㈜**은행 (은행장: ***) | F4: 근저당권 1. 대지 인천 중구 북성동1가 98-330 잡종지 667.3㎡ 설정순위:1순위 채권최고액:1,200,000,000 설정일: 2020.05.14. 지상권설정 | G4: 총 평가액 | H4: ='담보물 배분표'!H58 -> 1868440000 | I4: 대여금채권 | Q4: 개시후이자는 회생담보권 부인하고, 회생채권으로 시인하되 의결권 불인정 | S4: 2022. 1. 18. 자 신고로 목록 실효
G5: 선순위 배분액 | H5: 0 | I5: 1) 원금 | J5: 2428340141 | K5: 671751036 | L5: =K5 -> 671751036 | M5: 0 | N5: =L5 -> 671751036 | O5: 0 | P5: 0
G6: 당 배분액 | H6: ='담보물 배분표'!K60 -> 673919783 | I6: 2) 개시전 이자 | J6: 29959124 | K6: 2168747 | L6: =K6 -> 2168747 | M6: 0 | N6: =L6 -> 2168747 | O6: 0 | P6: 0
G7: 배분후 잔액 | H7: =H4-H6-H5 -> 1194520217 | I7: 3) 개시후 이자 | J7: 연4.58%~5.31% | K7: 연12% | L7: 0 | M7: =K7 -> 연12% | N7: 0 | O7: =M7 -> 연12% | P7: 0
I8: 소계 | J8: =SUM(J5:J7) -> 2458299265 | K8: =SUM(K5:K7) -> 673919783 | L8: =SUM(L5:L7) -> 673919783 | M8: =SUM(M5:M7) -> 0 | N8: =SUM(N5:N7) -> 673919783 | O8: =SUM(O5:O7) -> 0 | P8: =SUM(P5:P7) -> 0
C9: 담보권1-2 | F9: 근저당권 1. 대지 경기 하남시 망월동 1155-1 2104.3㎡ 대지권비율 2104.3분의 16.498, 16.498, 17.8319 2. 건물:101호 102호 416호 43.66㎡, 43.66㎡, 47.19㎡ 설정순위:1순위 채권최고액:1,200,000,000 설정일: 2020.06.18. | G9: 총 평가액 | H9: ='담보물 배분표'!H25 -> 1980000000 | I9: 대여금채권 | Q9: 개시후이자는 회생담보권 부인하고, 회생채권으로 시인하되 의결권 불인정 | S9: 2022. 1. 18. 자 신고로 목록 실효
G10: 선순위 배분액 | H10: 0 | I10: 1) 원금 | J10: 2428340141 | K10: 1000000000 | L10: =K10 -> 1000000000 | M10: 0 | N10: =L10 -> 1000000000 | O10: 0 | P10: 0
G11: 당 배분액 | H11: ='담보물 배분표'!K27 -> 1002207944 | I11: 2) 개시전 이자 | J11: 29959124 | K11: 2207944 | L11: =K11 -> 2207944 | M11: 0 | N11: =L11 -> 2207944 | O11: 0 | P11: 0
G12: 배분후 잔액 | H12: =H9-H11-H10 -> 977792056 | I12: 3) 개시후 이자 | J12: 연4.58%~5.31% | K12: 연12% | L12: 0 | M12: =K12 -> 연12% | N12: 0 | O12: =M12 -> 연12% | P12: 0
I13: 소계 | J13: =SUM(J10:J12) -> 2458299265 | K13: =SUM(K10:K12) -> 1002207944 | L13: =SUM(L10:L12) -> 1002207944 | M13: =SUM(M10:M12) -> 0 | N13: =SUM(N10:N12) -> 1002207944 | O13: =SUM(O10:O12) -> 0 | P13: =SUM(P10:P12) -> 0
B14: ㈜**은행 합계 | G14: 총 평가액 | H14: =H4+H9 -> 3848440000 | Q14: 0 | S14: 0
G15: 선순위 배분액 | H15: =H5+H10 -> 0 | I15: 1. 원금 | J15: 0 | K15: =K5+K10 -> 1671751036 | L15: =L5+L10 -> 1671751036 | M15: 0 | N15: =N5+N10 -> 1671751036 | O15: 0 | P15: 0 | S15: 0
G16: 당 배분액 | H16: =H6+H11 -> 1676127727 | I16: 2. 개시전 이자 | J16: 0 | K16: =K6+K11 -> 4376691 | L16: =L6+L11 -> 4376691 | M16: 0 | N16: =N6+N11 -> 4376691 | O16: 0 | P16: 0
G17: 배분후 잔액 | H17: =H7+H12 -> 2172312273 | I17: 3. 개시후 이자 | J17: 0 | K17: =K12 -> 연12% | M17: =M12 -> 연12% | N17: 0 | O17: =O12 -> 연12% | P17: 0
I18: 합계 | J18: =SUM(J15:J17) -> 0 | K18: =SUM(K15:K17) -> 1676127727 | L18: =SUM(L15:L17) -> 1676127727 | M18: =SUM(M15:M17) -> 0 | N18: =SUM(N15:N17) -> 1676127727 | O18: =SUM(O15:O17) -> 0 | P18: 0
A19: 2 | B19: 담보권6 | C19: 담보권2-1 | D19: ****은행 (은행장: ***) | F19: 근저당권 1. 대지 인천 남동구 논현동 636-6 대 825.7㎡ 대지권비율 825.7분의 32.99, 29.08, 41.23, 32.99, 29.08, 41.23, 103.3, 103.3, 102.95, 102.95 2. 건물: 201.202.203.301.302.303.501.601,701.801호.147.51㎡, 130.05㎡, 184.36㎡, 147.51㎡, 130.05㎡ 184.36㎡, 461.92㎡ 461.92㎡, 460.02㎡, 461.44㎡ ①설정순위:1순위 채권최고액:3,600,000,000 설정일: 2018.03.29. ②설정순위:1순위 채권최고액: 672,000,000 설정일: 2018.05.30 | G19: 총 평가액 | H19: ='담보물 배분표'!H8 -> 6666000000 | I19: 대여금채권 | Q19: 개시후이자는 회생담보권 부인하고, 회생채권으로 시인하되 의결권 불인정 | S19: 2022. 1. 27. 자 신고로 목록 실효
G20: 선순위 배분액 | H20: 0 | I20: 1) 원금 | J20: 2428340141 | K20: 2900000000 | L20: =K20 -> 2900000000 | M20: 0 | N20: =L20 -> 2900000000 | O20: 0 | P20: 0
G21: 당 배분액 | H21: ='담보물 배분표'!K10 -> 2914773950 | I21: 2) 개시전 이자 | J21: 29959124 | K21: 14773950 | L21: =K21 -> 14773950 | M21: 0 | N21: =L21 -> 14773950 | O21: 0 | P21: 0
G22: 배분후 잔액 | H22: =H19-H21-H20 -> 3751226050 | I22: 3) 개시후 이자 | J22: 연4.58%~5.31% | K22: 연5.412% | L22: 0 | M22: =K22 -> 연5.412% | N22: 0 | O22: =M22 -> 연5.412% | P22: 0
I23: 소계 | J23: =SUM(J20:J22) -> 2458299265 | K23: =SUM(K20:K22) -> 2914773950 | L23: =SUM(L20:L22) -> 2914773950 | M23: =SUM(M20:M22) -> 0 | N23: =SUM(N20:N22) -> 2914773950 | O23: =SUM(O20:O22) -> 0 | P23: =SUM(P20:P22) -> 0
C24: 담보권2-2 | F24: 근저당권 1. 대지 인천시 중구 북성동1가 98-357, 358. 359, 551 잡종지179.8m2 ,종교용지264.4m2, 잡종지158m2 ,잡종지101.9m2 동소 98-538 대지 135.2m2 2. 건물 인천시 중구 북성동1가 98-538 철근콘크리조 슬라브지붕2층 근린생황시설 1층 87.82m2 2층87.82m2 지하 87.82m2 ①설정순위:1순위 채권최고액:1,560,00,000 설정일: 2021.09.09 | G24: 총 평가액 | H24: ='담보물 배분표'!H69 -> 2290994400 | I24: 대여금채권 | Q24: 개시후이자는 회생담보권 부인하고, 회생채권으로 시인하되 의결권 불인정 | S24: 2022. 1. 27. 자 신고로 목록 실효
G25: 선순위 배분액 | H25: 0 | I25: 1) 원금 | J25: 2428340141 | K25: 1000000000 | L25: =K25 -> 1000000000 | M25: 0 | N25: =L25 -> 1000000000 | O25: 0 | P25: 0
G26: 당 배분액 | H26: ='담보물 배분표'!K71 -> 1008471013 | I26: 2) 개시전 이자 | J26: 29959124 | K26: 8471013 | L26: =K26 -> 8471013 | M26: 0 | N26: =L26 -> 8471013 | O26: 0 | P26: 0
G27: 배분후 잔액 | H27: =H24-H26-H25 -> 1282523387 | I27: 3) 개시후 이자 | J27: 연4.58%~5.31% | K27: 연5.412% | L27: 0 | M27: =K27 -> 연5.412% | N27: 0 | O27: =M27 -> 연5.412% | P27: 0
I28: 소계 | J28: =SUM(J25:J27) -> 2458299265 | K28: =SUM(K25:K27) -> 1008471013 | L28: =SUM(L25:L27) -> 1008471013 | M28: =SUM(M25:M27) -> 0 | N28: =SUM(N25:N27) -> 1008471013 | O28: =SUM(O25:O27) -> 0 | P28: =SUM(P25:P27) -> 0
C29: 담보권2-3 | F29: 1. 대지 경기 용인시 기흥구 서천동 812 대 2672.8㎡ 대지권비율 2672.8의 13.731, 11.369, 11.369, 11.818, 11.818 2. 건물:106호,119호,120호,121호 122호 35.34㎡, 29.26㎡, 29.26㎡, 30.415㎡, 30.415㎡ ①설정순위:1순위 채권최고액:960,000,000 설정일: 2021.07.19 | G29: 총 평가액 | H29: ='담보물 배분표'!H47 -> 1722000000 | I29: 대여금채권 | Q29: 개시후이자는 회생담보권 부인하고, 회생채권으로 시인하되 의결권 불인정 | S29: 2022. 1. 27. 자 신고로 목록 실효
G30: 선순위 배분액 | H30: 0 | I30: 1) 원금 | J30: 2428340141 | K30: 800000000 | L30: =K30 -> 800000000 | M30: 0 | N30: =L30 -> 800000000 | O30: 0 | P30: 0
G31: 당 배분액 | H31: ='담보물 배분표'!K49 -> 805837194 | I31: 2) 개시전 이자 | J31: 29959124 | K31: 5837194 | L31: =K31 -> 5837194 | M31: 0 | N31: =L31 -> 5837194 | O31: 0 | P31: 0
G32: 배분후 잔액 | H32: =H29-H31-H30 -> 916162806 | I32: 3) 개시후 이자 | J32: 연4.58%~5.31% | K32: =K27 -> 연5.412% | L32: 0 | M32: =K32 -> 연5.412% | N32: 0 | O32: =M32 -> 연5.412% | P32: 0
I33: 소계 | J33: =SUM(J30:J32) -> 2458299265 | K33: =SUM(K30:K32) -> 805837194 | L33: =SUM(L30:L32) -> 805837194 | M33: =SUM(M30:M32) -> 0 | N33: =SUM(N30:N32) -> 805837194 | O33: =SUM(O30:O32) -> 0 | P33: =SUM(P30:P32) -> 0
B34: ****은행 합계 | G34: 총 평가액 | H34: =H19+H29+H24 -> 10678994400 | I34: 0 | Q34: 0 | S34: 0
G35: 선순위 배분액 | H35: =H20+H30+H25 -> 0 | I35: 1. 원금 | J35: 0 | K35: =K20+K30+K25 -> 4700000000 | L35: =L20+L30+L25 -> 4700000000 | M35: 0 | N35: =N20+N30+N25 -> 4700000000 | O35: 0 | P35: 0 | S35: 0
G36: 당 배분액 | H36: =H21+H31+H26 -> 4729082157 | I36: 2. 개시전 이자 | J36: 0 | K36: =K21+K31+K26 -> 29082157 | L36: =L21+L31+L26 -> 29082157 | M36: 0 | N36: =N21+N31+N26 -> 29082157 | O36: 0 | P36: 0
G37: 배분후 잔액 | H37: =H22+H32+H27 -> 5949912243 | I37: 3. 개시후 이자 | J37: 0 | K37: =K32 -> 연5.412% | M37: =M32 -> 연5.412% | N37: 0 | O37: =O32 -> 연5.412% | P37: 0
I38: 합계 | J38: =SUM(J35:J37) -> 0 | K38: =SUM(K35:K37) -> 4729082157 | L38: =SUM(L35:L37) -> 4729082157 | M38: =SUM(M35:M37) -> 0 | N38: =SUM(N35:N37) -> 4729082157 | O38: =SUM(O35:O37) -> 0 | P38: 0
A39: 3 | B39: 담보권5 | C39: 담보권3 | F39: 근저당권 1. 대지 세종 나성동 821 대 6097.9㎡ 대지권비율 6097.9분의 17.77, 17.77, 20.26, 20.25, 16.34, 14.53, 18.2, 29, 27.57 2. 건물: 701,801,901,1001,B124A,B126, B127,B214,B215 39.65㎡, 39.65㎡, 45.18㎡, 45.18㎡, 36.44㎡, 32.41㎡, 40.6㎡, 64.69㎡, 61.51㎡ ①설정순위:1순위 채권최고액: 2,700,000,000 설정일: 2020.12.15. | G39: 총 평가액 | H39: ='담보물 배분표'!H36 -> 4489000000 | I39: 대여금채권 | Q39: 개시후이자는 회생담보권 부인하고, 회생채권으로 시인하되 의결권 불인정 | S39: 2022. 1. 27. 자 신고로 목록 실효
G40: 선순위 배분액 | H40: 0 | I40: 1. 원금 | J40: 2428340141 | K40: 2108560759 | L40: =K40 -> 2108560759 | M40: 0 | N40: =L40 -> 2108560759 | O40: 0 | P40: 0
G41: 당 배분액 | H41: ='담보물 배분표'!K38 -> 2122515083 | I41: 2. 개시전 이자 | J41: 29959124 | K41: 13954324 | L41: =K41 -> 13954324 | M41: 0 | N41: =L41 -> 13954324 | O41: 0 | P41: 0
G42: 배분후 잔액 | H42: =H39-H41-H40 -> 2366484917 | I42: 3. 개시후 이자 | J42: 연4.58%~5.31% | K42: 연6.878% | L42: 0 | M42: =K42 -> 연6.878% | N42: 0 | O42: =M42 -> 연6.878% | P42: 0
I43: 소계 | J43: =SUM(J40:J42) -> 2458299265 | K43: =SUM(K40:K42) -> 2122515083 | L43: =SUM(L40:L42) -> 2122515083 | M43: =SUM(M40:M42) -> 0 | N43: =SUM(N40:N42) -> 2122515083 | O43: =SUM(O40:O42) -> 0 | P43: =SUM(P40:P42) -> 0
A44: 4 | B44: 담보권3 | C44: 담보권4 | F44: 근질권 국민주택1종 채권 17-03외 채권최고액: 469,662,000 설정일:2020.10.22 | G44: 총 평가액 | H44: 348486127 | I44: 대여금채권 | Q44: 개시후이자는 회생담보권 부인하고, 회생채권으로 시인하되 의결권 불인정 | S44: 2022. 1. 24. 자 신고로 목록 실효
G45: 선순위 배분액 | H45: 0 | I45: 1. 원금 | J45: 2428340141 | K45: 326360000 | L45: =K45 -> 326360000 | M45: 0 | N45: =L45 -> 326360000 | O45: 0 | P45: 0
G46: 당 배분액 | H46: 326360000 | I46: 2. 개시전 이자 | J46: 29959124 | K46: 0 | L46: =K46 -> 0 | M46: 0 | N46: =L46 -> 0 | O46: 0 | P46: 0
G47: 배분후 잔액 | H47: =H44-H46-H45 -> 22126127 | I47: 3. 개시후 이자 | J47: 연4.58%~5.31% | K47: 연11% | L47: 0 | M47: =K47 -> 연11% | N47: 0 | O47: =M47 -> 연11% | P47: 0
I48: 소계 | J48: =SUM(J45:J47) -> 2458299265 | K48: =SUM(K45:K47) -> 326360000 | L48: =SUM(L45:L47) -> 326360000 | M48: =SUM(M45:M47) -> 0 | N48: =SUM(N45:N47) -> 326360000 | O48: =SUM(O45:O47) -> 0 | P48: =SUM(P45:P47) -> 0
A49: 5 | B49: 담보권2-1 | C49: 담보권5 | F49: 근질권 출자금(좌수4,173주) 채권최고액: 6,383,438,100 설정일: 2021.06.16 | G49: 총 평가액 | H49: 6383438100 | I49: 대여금채권 | Q49: 개시후이자는 회생담보권 부인하고, 회생채권으로 시인하되 의결권 불인정 | S49: 2022. 1. 20. 자 신고로 목록 실효
G50: 선순위 배분액 | H50: 0 | I50: 1) 원금 | J50: 2428340141 | K50: 4380000000 | L50: =K50 -> 4380000000 | M50: 0 | N50: =L50 -> 4380000000 | O50: 0 | P50: 0 | S50: 출자좌수확인(원) 첨부 출자금 약 6,383,4338,100원 (4,173 x 1,529,700 = 6,383,438,100)
G51: 당 배분액 | H51: 4396264090 | I51: 2) 개시전 이자 | J51: 29959124 | K51: 16264090 | L51: =K51 -> 16264090 | M51: 0 | N51: =L51 -> 16264090 | O51: 0 | P51: 0
G52: 배분후 잔액 | H52: =H49-H51-H50 -> 1987174010 | I52: 3) 개시후 이자 | J52: 연4.58%~5.31% | K52: 연5.6% | L52: 0 | M52: =K52 -> 연5.6% | N52: 0 | O52: =M52 -> 연5.6% | P52: 0
I53: 소계 | J53: =SUM(J50:J52) -> 2458299265 | K53: =SUM(K50:K52) -> 4396264090 | L53: =SUM(L50:L52) -> 4396264090 | M53: =SUM(M50:M52) -> 0 | N53: =SUM(N50:N52) -> 4396264090 | O53: =SUM(O50:O52) -> 0 | P53: =SUM(P50:P52) -> 0
B54: 담보권2-2 | F54: 근질권 정기예금(중소기업은행 231-047013-21-032) 원금:500,000,000원 이자:626,741원 설정일: 2021.06.16 | G54: 총 평가액 | H54: 500626741 | I54: 미발생구상채권 | Q54: 담보권평가액 범위내에서 담보권을 인정하되 담보권평가액 초과금액에 대해서는 회생채권으로 시인하고 현실화 가능성이 낮으므로 의결권은 불인정 | S54: 2022. 1. 20. 자 신고로 목록 실효
G55: 선순위 배분액 | H55: 0 | I55: 1) 원금 | J55: 2428340141 | K55: 185137929932 | L55: 500626741 | M55: =K55-L55 -> 184637303191 | N55: 0 | O55: =M55 -> 184637303191 | P55: 0
G56: 당 배분액 | H56: =H54 -> 500626741 | I56: 2) 개시전 이자 | J56: 29959124 | K56: 0 | L56: =K56 -> 0 | M56: 0 | N56: =L56 -> 0 | O56: 0 | P56: 0
G57: 배분후 잔액 | H57: =H54-H56-H55 -> 0 | I57: 3) 개시후 이자 | J57: 연4.58%~5.31% | K57: 0 | L57: 0 | M57: =K57 -> 0 | N57: 0 | O57: =M57 -> 0 | P57: 0
I58: 소계 | J58: =SUM(J55:J57) -> 2458299265 | K58: =SUM(K55:K57) -> 185137929932 | L58: =SUM(L55:L57) -> 500626741 | M58: =SUM(M55:M57) -> 184637303191 | N58: =SUM(N55:N57) -> 0 | O58: =SUM(O55:O57) -> 184637303191 | P58: =SUM(P55:P57) -> 0
B59: ****합 합계 | G59: 총 평가액 | H59: =H49+H54 -> 6884064841 | Q59: 0 | S59: 0
G60: 선순위 배분액 | H60: =H50+H55 -> 0 | I60: 1. 원금 | J60: 0 | K60: =K50+K55 -> 189517929932 | L60: =L50+L55 -> 4880626741 | M60: =M50+M55 -> 184637303191 | N60: =N50+N55 -> 4380000000 | O60: =O50+O55 -> 184637303191 | P60: =P50+P55 -> 0 | S60: 0
G61: 당 배분액 | H61: =H51+H56 -> 4896890831 | I61: 2. 개시전 이자 | J61: 0 | K61: =K51+K56 -> 16264090 | L61: =L51+L56 -> 16264090 | M61: =M51+M56 -> 0 | N61: =N51+N56 -> 16264090 | O61: =O51+O56 -> 0 | P61: =P51+P56 -> 0
G62: 배분후 잔액 | H62: =H52+H57 -> 1987174010 | I62: 3. 개시후 이자 | J62: 0 | K62: =K57 -> 0 | L62: 0 | M62: 0 | N62: 0 | O62: 0 | P62: 0
I63: 합계 | J63: =SUM(J60:J62) -> 0 | K63: =SUM(K60:K62) -> 189534194022 | L63: =SUM(L60:L62) -> 4896890831 | M63: =SUM(M60:M62) -> 184637303191 | N63: =SUM(N60:N62) -> 4396264090 | O63: =SUM(O60:O62) -> 184637303191 | P63: 0
A64: 6 | B64: 담보권7 | C64: 담보권6 | F64: 근저당권 1. 대지 인천 남동구 논현동 636-6 대 825.7㎡ 대지권비율 825.7분의 32.99, 29.08, 41.23, 32.99, 29.08, 41.23, 103.3, 103.3, 102.95, 102.95 2. 건물: 201.202.203.301.302.303.501.601701.801호.147.51㎡, 130.05㎡, 184.36㎡, 147.51㎡, 130.05㎡ 184.36㎡, 461.92㎡ 461.92㎡, 460.02㎡, 461.44㎡ ①설정순위:3순위 채권최고액:1,440,000,000 설정일: 2021.11.30. | G64: 총 평가액 | H64: ='담보물 배분표'!H8 -> 6666000000 | I64: 대여금채권 | Q64: 부인권 대상으로 회생담보권 부인하고 회생채권으로 시인함 | S64: 2022. 1. 28. 자 신고로 목록 실효
G65: 선순위 배분액 | H65: ='담보물 배분표'!K10 -> 2914773950 | I65: 1. 원금 | J65: 2428340141 | K65: 1200000000 | L65: 0 | M65: =K65 -> 1200000000 | N65: =L65 -> 0 | O65: =K65 -> 1200000000 | P65: =O65 -> 1200000000 | S65: 특수관계회사 최초차입일자 : 2020.05.08. 최초차입금액 : 1,100,000,000원 2021.11.16. 현재 차입금 잔액 : 1,200,000,000원
G66: 당 배분액 | H66: ='담보물 배분표'!K16 -> 0 | I66: 2. 개시전 이자 | J66: 29959124 | K66: 5293151 | L66: 0 | M66: =K66 -> 5293151 | N66: =L66 -> 0 | O66: =K66 -> 5293151 | P66: =O66 -> 5293151
G67: 배분후 잔액 | H67: =H64-H66-H65 -> 3751226050 | I67: 3. 개시후 이자 | J67: 연4.58%~5.31% | K67: 0 | L67: 0 | M67: =K67 -> 0 | N67: 0 | O67: =M67 -> 0 | P67: 0
I68: 소계 | J68: =SUM(J65:J67) -> 2458299265 | K68: =SUM(K65:K67) -> 1205293151 | L68: =SUM(L65:L67) -> 0 | M68: =SUM(M65:M67) -> 1205293151 | N68: =SUM(N65:N67) -> 0 | O68: =SUM(O65:O67) -> 1205293151 | P68: =SUM(P65:P67) -> 1205293151
A69: 7 | C69: 담보권7 | F69: 근저당권 1. 대지 인천 남동구 논현동 636-6 대 825.7㎡ 대지권비율 825.7분의 32.99, 29.08, 41.23, 32.99, 29.08, 41.23, 103.3, 103.3, 102.95, 102.95 2. 건물: 201.202.203.301.302.303.501.601701.801호.147.51㎡, 130.05㎡, 184.36㎡, 147.51㎡, 130.05㎡ 184.36㎡, 461.92㎡ 461.92㎡, 460.02㎡, 461.44㎡ ①설정순위:4순위 채권최고액:1,320,000,000 설정일: 2021.11.30. | G69: 총 평가액 | H69: ='담보물 배분표'!H8 -> 6666000000 | I69: 구상채권 | Q69: 부인권 대상으로 회생담보권 부인하고 회생채권으로 시인함 | S69: 특수관계인 인천시 중구 북성동1가 98-12,98-605,98-606 토지 및 건물 물상보증 담보제공(대앙종합건설 주식회사, 유수복, 김미경, 유흥복 공동소유) 담보설정일자 : 2019.10.31. 근저당권 설정금액 : 7,800,000,000원 대위변제 금액 : 1,100,000,000원 대위변제 일자 : 2021.11.26. 대위변제에 따른 근저당권 설정
G70: 선순위 배분액 | H70: ='담보물 배분표'!K16+'담보물 배분표'!K10 -> 2914773950 | I70: 1. 원금 | J70: 2428340141 | K70: 1100000000 | L70: 0 | M70: =K70 -> 1100000000 | N70: =L70 -> 0 | O70: =K70 -> 1100000000 | P70: =O70 -> 1100000000
G71: 당 배분액 | H71: ='담보물 배분표'!K19 -> 0 | I71: 2. 개시전 이자 | J71: 29959124 | K71: 0 | L71: =K71 -> 0 | M71: 0 | N71: =L71 -> 0 | O71: 0 | P71: 0
G72: 배분후 잔액 | H72: =H69-H71-H70 -> 3751226050 | I72: 3. 개시후 이자 | J72: 연4.58%~5.31% | K72: 0 | L72: 0 | M72: =K72 -> 0 | N72: 0 | O72: =M72 -> 0 | P72: 0
I73: 소계 | J73: =SUM(J70:J72) -> 2458299265 | K73: =SUM(K70:K72) -> 1100000000 | L73: =SUM(L70:L72) -> 0 | M73: =SUM(M70:M72) -> 1100000000 | N73: =SUM(N70:N72) -> 0 | O73: =SUM(O70:O72) -> 1100000000 | P73: =SUM(P70:P72) -> 1100000000
A74: 8 | B74: 담보권8 | C74: 채권325-1~3 | F74: 근저당권 1. 대지 인천 중구 북성동1가 98-330 잡종지 667.3㎡ 설정순위:1순위 채권최고액:1,200,000,000 설정일: 2020.05.14. 근저당권 일부 이전일 : 2022.01.26. | G74: 총 평가액 | H74: ='담보물 배분표'!H58 -> 1868440000 | I74: 구상채권
G75: 선순위 배분액 | H75: ='담보물 배분표'!K60 -> 673919783 | I75: 1) 원금 | J75: 2428340141 | K75: =H76 -> 312071578 | L75: =K75 -> 312071578 | M75: 0 | N75: =L75 -> 312071578 | O75: 0 | P75: 0 | S75: 특수관계인 신한은행으로부터 보증인 예대상계에 따른 근저당권 일부 이전 예대상계 일자 : 2021.12.15. 및 2021.12.22.
G76: 당 배분액 | H76: ='담보물 배분표'!K63 -> 312071578 | I76: 2) 개시전 이자 | J76: 29959124 | K76: 0 | L76: =K76 -> 0 | M76: 0 | N76: =L76 -> 0 | O76: 0 | P76: 0
G77: 배분후 잔액 | H77: =H74-H76-H75 -> 882448639 | I77: 3) 개시후 이자 | J77: 연4.58%~5.31% | K77: 0 | L77: 0 | M77: =K77 -> 0 | N77: 0 | O77: =M77 -> 0 | P77: 0
I78: 소계 | J78: =SUM(J75:J77) -> 2458299265 | K78: =SUM(K75:K77) -> 312071578 | L78: =SUM(L75:L77) -> 312071578 | M78: =SUM(M75:M77) -> 0 | N78: =SUM(N75:N77) -> 312071578 | O78: =SUM(O75:O77) -> 0 | P78: =SUM(P75:P77) -> 0
C79: 담보권8 | F79: 근저당권 1. 대지 인천시 중구 북성동1가 98-357, 358. 359, 551 잡종지179.8m2 ,종교용지264.4m2, 잡종지158m2 ,잡종지101.9m2 동소 98-538 대지 135.2m2 2. 건물 인천시 중구 북성동1가 98-538 철근콘크리조 슬라브지붕2층 근린생황시설 1층 87.82m2 2층87.82m2 지하 87.82m2 ①설정순위:2순위 채권최고액:1,002,00,000 설정일: 2021.11.30 | G79: 총 평가액 | H79: ='담보물 배분표'!H69 -> 2290994400 | I79: 구상채권 | Q79: 부인권 대상으로 회생담보권 부인하고 회생채권으로 시인함 | S79: 특수관계인 인천시 중구 북성동1가 98-12,98-605,98-606 토지 및 건물 물상보증 담보제공(대앙종합건설 주식회사, 유수복, 김미경, 유흥복 공동소유) 담보설정일자 : 2019.10.31. 근저당권 설정금액 : 7,800,000,000원 대위변제 금액 : 835,000,000원 대위변제 일자 : 2021.11.26. 대위변제에 따른 근저당권 설정
G80: 선순위 배분액 | H80: ='담보물 배분표'!K71 -> 1008471013 | I80: 1) 원금 | J80: 2428340141 | K80: 835000000 | L80: 0 | M80: =K80 -> 835000000 | N80: =L80 -> 0 | O80: =K80 -> 835000000 | P80: =O80 -> 835000000
G81: 당 배분액 | H81: ='담보물 배분표'!K74 -> 0 | I81: 2) 개시전 이자 | J81: 29959124 | K81: 0 | L81: =K81 -> 0 | M81: 0 | N81: =L81 -> 0 | O81: 0 | P81: 0
G82: 배분후 잔액 | H82: =H79-H81-H80 -> 1282523387 | I82: 3) 개시후 이자 | J82: 연4.58%~5.31% | K82: 0 | L82: 0 | M82: =K82 -> 0 | N82: 0 | O82: =M82 -> 0 | P82: 0
I83: 소계 | J83: =SUM(J80:J82) -> 2458299265 | K83: =SUM(K80:K82) -> 835000000 | L83: =SUM(L80:L82) -> 0 | M83: =SUM(M80:M82) -> 835000000 | N83: =SUM(N80:N82) -> 0 | O83: =SUM(O80:O82) -> 835000000 | P83: =SUM(P80:P82) -> 835000000
B84: *** 합계 | G84: 총 평가액 | H84: =H79+H74 -> 4159434400 | Q84: 0
G85: 선순위 배분액 | H85: =H80+H75 -> 1682390796 | I85: 1. 원금 | J85: 0 | K85: =K75+K80 -> 1147071578 | L85: =L75+L80 -> 312071578 | M85: =M75+M80 -> 835000000 | N85: =N75+N80 -> 312071578 | O85: =O75+O80 -> 835000000 | P85: =P75+P80 -> 835000000
G86: 당 배분액 | H86: =H81+H76 -> 312071578 | I86: 2. 개시전 이자 | J86: 0 | K86: =K76+K81 -> 0 | L86: =L76+L81 -> 0 | M86: =M76+M81 -> 0 | N86: =N76+N81 -> 0 | O86: =O76+O81 -> 0 | P86: =P76+P81 -> 0
G87: 배분후 잔액 | H87: =H82+H77 -> 2164972026 | I87: 3. 개시후 이자 | J87: 0 | K87: =K77+K82 -> 0 | L87: =L77+L82 -> 0 | M87: =M77+M82 -> 0 | N87: =N77+N82 -> 0 | O87: =O77+O82 -> 0 | P87: =P77+P82 -> 0
I88: 합계 | J88: =SUM(J85:J87) -> 0 | K88: =SUM(K85:K87) -> 1147071578 | L88: =SUM(L85:L87) -> 312071578 | M88: =SUM(M85:M87) -> 835000000 | N88: =SUM(N85:N87) -> 312071578 | O88: =SUM(O85:O87) -> 835000000 | P88: =SUM(P85:P87) -> 835000000
A89: 9 | B89: 담보권4-1 | C89: 채권194-2 | F89: 소유권 유보부 매매계약 승강기 제조‧판매‧설치계약서 제 15조에 '소유권 유보'약정에 따른 담보권 등촌동현장-16인승-16층-1대 | G89: 총 계약금 | H89: 70400000 | I89: 상거래채권 | S89: 2022. 1. 25 자 신고로 목록 실효
G90: 선순위 배분액 | H90: 0 | I90: 1) 원금 | J90: 2428340141 | K90: =H91 -> 49280000 | L90: =K90 -> 49280000 | M90: 0 | N90: =L90 -> 49280000 | O90: 0 | P90: 0 | S90: 회생채권(목록번호 194-2)부인하고 회생담보권 시인 어음번호: 08820211007000002344, 결제일자:2021.10.07, 만기일자:2022.01.05 최초수취인: 오티스엘리베이터(유)
G91: 당 배분액 | H91: 49280000 | I91: 2) 개시전 이자 | J91: 29959124 | K91: 0 | L91: =K91 -> 0 | M91: 0 | N91: =L91 -> 0 | O91: 0 | P91: 0
G92: 배분후 잔액 | H92: =H89-H91-H90 -> 21120000 | I92: 3) 개시후 이자 | J92: 연4.58%~5.31% | K92: 0 | L92: 0 | M92: =K92 -> 0 | N92: 0 | O92: =M92 -> 0 | P92: 0
I93: 소계 | J93: =SUM(J90:J92) -> 2458299265 | K93: =SUM(K90:K92) -> 49280000 | L93: =SUM(L90:L92) -> 49280000 | M93: =SUM(M90:M92) -> 0 | N93: =SUM(N90:N92) -> 49280000 | O93: =SUM(O90:O92) -> 0 | P93: =SUM(P90:P92) -> 0
B94: 담보권4-2 | F94: 소유권 유보부 매매계약 승강기 제조‧판매‧설치계약서 제 15조에 '소유권 유보'약정에 따른 담보권 등촌동현장-16인승-5층-1대,18층-1대 | G94: 총 계약금 | H94: 117700000 | I94: 상거래채권
G95: 선순위 배분액 | H95: 0 | I95: 1) 원금 | J95: 2428340141 | K95: =H96 -> 82390000 | L95: =K95 -> 82390000 | M95: 0 | N95: =L95 -> 82390000 | O95: 0 | P95: 0
G96: 당 배분액 | H96: 82390000 | I96: 2) 개시전 이자 | J96: 29959124 | K96: 0 | L96: =K96 -> 0 | M96: 0 | N96: =L96 -> 0 | O96: 0 | P96: 0
G97: 배분후 잔액 | H97: =H94-H96-H95 -> 35310000 | I97: 3) 개시후 이자 | J97: 연4.58%~5.31% | K97: 0 | L97: 0 | M97: =K97 -> 0 | N97: 0 | O97: =M97 -> 0 | P97: 0
I98: 소계 | J98: =SUM(J95:J97) -> 2458299265 | K98: =SUM(K95:K97) -> 82390000 | L98: =SUM(L95:L97) -> 82390000 | M98: =SUM(M95:M97) -> 0 | N98: =SUM(N95:N97) -> 82390000 | O98: =SUM(O95:O97) -> 0 | P98: =SUM(P95:P97) -> 0
B99: 담보권4-3 | F99: 소유권 유보부 매매계약 승강기 제조‧판매‧설치계약서 제 15조에 '소유권 유보'약정에 따른 담보권 등촌동현장-16인승-21층-1대 | G99: 총 계약금 | H99: 76450000 | I99: 상거래채권
G100: 선순위 배분액 | H100: 0 | I100: 1) 원금 | J100: 2428340141 | K100: =H101 -> 53515000 | L100: =K100 -> 53515000 | M100: 0 | N100: =L100 -> 53515000 | O100: 0 | P100: 0
...

Sheet 3.간지
A9: 3. 담보물 배분 명세서
D156: =G150 -> 0

Sheet 담보물 배분표
B3: ='3.간지'!A9 -> 3. 담보물 배분 명세서
B4: ='2.담보시부인명세'!A2 -> 채무자 : ****건설 주식회사
M5: (단위 : 원)
B6: 담보물소재지 | C6: 토지면적/건물면적 | D6: 담보제공현황 | H6: 가치평가액 주1) | I6: 배분금액 | M6: 비고
D7: 순위 | E7: 설정일자 | F7: 채권자 | G7: 공담
C8: 1. 대지 인천 남동구 논현동 636-6 대 825.7㎡ 대지권비율 825.7분의 32.99, 29.08, 41.23, 32.99, 29.08, 41.23, 103.3, 103.3, 102.95, 102.95 2. 건물: 147.51㎡, 130.05㎡, 184.36㎡, 147.51㎡, 130.05㎡, 184.36㎡, 461.92㎡ 461.92㎡, 460.02㎡, 461.44㎡ | D8: 1 | E8: 2018.03.29. | G8: 공담 제2018-513호 | H8: 6666000000 | I8: 1순위
I9: 설정자 | J9: 설정금액 | K9: 배분액 | L9: 배분잔액
J10: 3600000000 | K10: =2900000000+14773950 -> 2914773950 | L10: =H8-K10 -> 3751226050
D11: 2 | E11: 2018.05.30. | G11: 공담 제2018-938호 | I11: 2순위
I12: 설정자 | J12: 설정금액 | K12: 배분액 | L12: 배분잔액
J13: 672000000 | K13: 0 | L13: =L10-K13 -> 3751226050
D14: 3 | E14: 2021.11.30. | G14: 공담 제2021-2707호 | I14: 3순위
I15: 설정자 | J15: 설정금액 | K15: 배분액 | L15: 배분잔액
J16: 1440000000 | K16: 0 | L16: =L13-K16 -> 3751226050
D17: 4 | E17: 2021.11.30. | G17: 공담 제2021-2708호 | I17: 4순위
I18: 설정자 | J18: 설정금액 | K18: 배분액 | L18: 배분잔액
J19: 1320000000 | K19: 0 | L19: =L16-K19 -> 3751226050
B20: 주1) 담보물 가치평가:가람 감정평가법인(2021.11.09기준, 가람 0421-11-40104), 경일감정 평가법인(경일(경인)14-211105-201) 中 높은 감정금액으로 반영함
B23: 담보물소재지 | C23: 토지면적/건물면적 | D23: 담보제공현황 | H23: 가치평가액 주1) | I23: 배분금액 | M23: 비고
D24: 순위 | E24: 설정일자 | F24: 채권자 | G24: 공담
C25: 1. 대지 경기 하남시 망월동 1155-1 대 2104.3㎡ 대지권비율 2104.3분의 16.498, 16.498, 17.8319 2. 건물: 43.66㎡, 43.66㎡, 47.19㎡ | D25: 1 | E25: 2020.06.18. | G25: 공담 | H25: 1980000000 | I25: 1순위
I26: 설정자 | J26: 설정금액 | K26: 배분액 | L26: 배분잔액
J27: 1200000000 | K27: 1002207944 | L27: =H25-K27 -> 977792056
B31: 주1) 담보물 가치평가:리얼티뱅크 감정평가법인
B34: 담보물소재지 | C34: 토지면적/건물면적 | D34: 담보제공현황 | H34: 가치평가액 주1) | I34: 배분금액 | M34: 비고
D35: 순위 | E35: 설정일자 | F35: 채권자 | G35: 공담
C36: 1. 대지 세종 나성동 821 대 6097.9㎡ 대지권비율 6097.9분의 17.77, 17.77, 20.26, 20.25, 16.34, 14.53, 18.2, 29, 27.57 2. 건물: 39.65㎡, 39.65㎡, 45.18㎡, 45.18㎡, 36.44㎡, 32.41㎡, 40.6㎡, 64.69㎡, 61.51㎡ | D36: 1 | E36: 2020.12.15. | G36: 공담 제2020-906호 | H36: 4489000000 | I36: 1순위
I37: 설정자 | J37: 설정금액 | K37: 배분액 | L37: 배분잔액
J38: 2700000000 | K38: =2108560759+13954324 -> 2122515083 | L38: =H36-K38 -> 2366484917
B42: 주1) 담보물 가치평가:리얼티뱅크 감정평가법인
B45: 담보물소재지 | C45: 토지면적/건물면적 | D45: 담보제공현황 | H45: 가치평가액 주1) | I45: 배분금액 | M45: 비고
D46: 순위 | E46: 설정일자 | F46: 채권자 | G46: 공담
C47: 1. 대지 경기 용인시 기흥구 서천동 812 대 2672.8㎡ 대지권비율 2672.8의 13.731, 11.369, 11.369, 11.818, 11.818 2. 건물: 35.34㎡, 29.26㎡, 29.26㎡, 30.415㎡, 30.415㎡ | D47: 1 | E47: 2021.07.19. | G47: 공담 제2021-1464호 | H47: 1722000000 | I47: 1순위
I48: 설정자 | J48: 설정금액 | K48: 배분액 | L48: 배분잔액
J49: 960000000 | K49: =800000000+5837194 -> 805837194 | L49: =H47-K49 -> 916162806
B53: 주1) 담보물 가치평가:리얼티뱅크 감정평가법인
B56: 담보물소재지 | C56: 토지면적/건물면적 | D56: 담보제공현황 | H56: 가치평가액 (주2) | I56: 배분금액 | M56: 비고
D57: 순위 | E57: 설정일자 (주1) | F57: 채권자 | G57: 공담
C58: 1. 대지 인천 중구 북성동1가 98-330 잡종지 667.3㎡ | D58: 1 | E58: 2020.05.14. | G58: 단독 | H58: 1868440000 | I58: 1순위
I59: 설정자 | J59: 설정금액 | K59: 배분액 | L59: 배분잔액
J60: 1200000000 | K60: 673919783 | L60: =H58-K60 -> 1194520217
D61: 1 | E61: 2022.01.26. | G61: 단독 | I61: 1순위
I62: 설정자 | J62: 설정금액 | K62: 배분액 | L62: 배분잔액
J63: 0 | K63: 312071578 | L63: =L60-K63 -> 882448639
B64: 주1) 유수복 설정일자는 ㈜신한은행 저당권 일부이전일자임
B65: 주2) 담보물 가치평가:경일 감정평가법인(2011.11.09기준, 경일(경인)14-211105-202)
B67: 담보물소재지 | C67: 토지면적/건물면적 | D67: 담보제공현황 | H67: 가치평가액 주1) | I67: 배분금액 | M67: 비고
D68: 순위 | E68: 설정일자 | F68: 채권자 | G68: 공담
C69: 1. 대지 인천 중구 북성동1가 98-538 대 135.2㎡, 잡종지 179.8㎡, 종교용지 264.4㎡, 잡종지 158.8㎡, 잡종지 101.9㎡ 2. 건물 : 연면적 263.46㎡ | D69: 1 | E69: 2021.09.09. | G69: 공담 제2021-1572 | H69: 2290994400 | I69: 1순위
I70: 설정자 | J70: 설정금액 | K70: 배분액 | L70: 배분잔액
J71: 1560000000 | K71: =1000000000+8471013 -> 1008471013 | L71: =H69-K71 -> 1282523387
D72: 2 | E72: 2021.11.30. | G72: 공담 제2021-2710 | I72: 2순위
I73: 설정자 | J73: 설정금액 | K73: 배분액 | L73: 배분잔액
J74: 1002000000 | K74: 0 | L74: =L71-K74 -> 1282523387
B75: 주1) 담보물 가치평가:경일 감정평가법인(2011.11.09기준, 경일(경인)14-211105-202)
B78: 담보목적물 | D78: 담보제공현황 | H78: 가치평가액 주1) | I78: 배분금액 | M78: 비고
D79: 순위 | E79: 설정일자 | F79: 채권자
B80: 국공채 외 | D80: 1 | E80: 2020.10.22 | F80: ****증권㈜ | H80: 348486127 | I80: 1순위
I81: 설정자 | J81: 설정금액 | K81: 배분액 | L81: 배분잔액
J82: 348486127 | K82: 326360000 | L82: =H80-K82 -> 22126127
B83: 주1) 한화투자증권 잔고증명서(2021.12.31 기준)
B85: 담보목적물 | D85: 담보제공현황 | H85: 가치평가액 주1) | I85: 배분금액 | M85: 비고
D86: 순위 | E86: 설정일자 | F86: 채권자
D87: 1 | E87: 2021.06.16 | F87: ***조합 | H87: 6383438100 | I87: 1순위
I88: 설정자 | J88: 설정금액 | K88: 배분액 | L88: 배분잔액
J89: 6383438100 | K89: 4396264090 | L89: =H87-K89 -> 1987174010
B90: 주1) 4,173좌 x 1,529,700원 = 6,383,438,100원
B93: 담보목적물 | D93: 담보제공현황 | H93: 가치평가액 | I93: 배분금액 | M93: 비고
D94: 순위 | E94: 설정일자 | F94: 채권자
B95: *** 정기예금(231-047013-21-032) | D95: 1 | E95: 2021.06.16 | F95: ***조합 | H95: 500626741 | I95: 1순위
I96: 설정자 | J96: 설정금액 | K96: 배분액 | L96: 배분잔액
I97: =F95 -> ***조합 | J97: 0 | K97: 0 | L97: =H95-K97 -> 500626741
B99: 담보물소재지 | C99: 담보목적물 (주1) | D99: 담보제공현황 | H99: 가치평가액 (주3) | I99: 배분금액 | M99: 비고
D100: 순위 | E100: 설정일자 (주2) | F100: 채권자
C101: 등촌동현장-16인승-16층-1대 | D101: 1 | E101: 2021.02.24. | H101: ='2.담보시부인명세'!K90 -> 49280000 | I101: 1순위
I102: 설정자 | J102: 설정금액 | K102: 배분액 | L102: 배분잔액
J103: =H101 -> 49280000 | K103: =H101 -> 49280000 | L103: =H101-K103 -> 0
C104: 등촌동현장-16인승-5층-1대,8층-1대 | D104: 1 | E104: 2021.02.24. | H104: ='2.담보시부인명세'!K95 -> 82390000 | I104: 1순위
I105: 설정자 | J105: 설정금액 | K105: 배분액 | L105: 배분잔액
J106: =H104 -> 82390000 | K106: =H104 -> 82390000 | L106: =H104-K106 -> 0
C107: 등촌동현장-16인승-21층-1대 | D107: 1 | E107: 2021.02.24. | H107: ='2.담보시부인명세'!K100 -> 53515000 | I107: 1순위
I108: 설정자 | J108: 설정금액 | K108: 배분액 | L108: 배분잔액
J109: =H107 -> 53515000 | K109: =H107 -> 53515000 | L109: =H107-K109 -> 0
C110: 등촌동현장-16인승-20층-1대 | D110: 1 | E110: 2021.02.24. | H110: ='2.담보시부인명세'!K105 -> 53515000 | I110: 1순위
I111: 설정자 | J111: 설정금액 | K111: 배분액 | L111: 배분잔액
J112: =H110 -> 53515000 | K112: =H110 -> 53515000 | L112: =H110-K112 -> 0
C113: 등촌동현장-16인승-20층-2대, 13인승-20층-1대 | D113: 1 | E113: 2021.03.09. | H113: ='2.담보시부인명세'!K110 -> 226800000 | I113: 1순위
I114: 설정자 | J114: 설정금액 | K114: 배분액 | L114: 배분잔액
J115: =H113 -> 226800000 | K115: =H113 -> 226800000 | L115: =H113-K115 -> 0
C116: 골든베이프라자-15인승-5층-2대 | D116: 1 | E116: 2021.02.24. | H116: ='2.담보시부인명세'!K115 -> 10780000 | I116: 1순위
I117: 설정자 | J117: 설정금액 | K117: 배분액 | L117: 배분잔액
J118: =H116 -> 10780000 | K118: =H116 -> 10780000 | L118: =H116-K118 -> 0
B119: 주1) 승강기 제조‧판매‧설치계약서 제 15조에 '소유권 유보'약정에 따른 담보권
B120: 주2) 설정일자는 "승강기 제조·판매·설치계약서"의 계약일자 기준
B121: 주3) 가치평가액은 "승강기 제조·판매·설치계약서"의 총 계약금액중 미지급 잔액 기준

Sheet 4.간지
A8: 4. 회생채권 시 · 부인 명세서
D155: =G149 -> 0

Sheet 4. 회생채권자총괄표
A1: ='4.간지'!A8 -> 4. 회생채권 시 · 부인 명세서
A2: ='2.담보시부인명세'!A2 -> 채무자 : ****건설 주식회사 | M2: (단위 : 원)
A3: 순번 | B3: 신고 번호 | C3: 목록 번호 | D3: 채권자 | E3: 주소 | F3: 채권내용 | G3: 신고액· 목록기재액 | H3: 시인액 | I3: 부인액 | J3: 의결권 인정액 | K3: 시·부인 사유 | L3: 우선권 | M3: 비 고
A4: 1 | B4: 채권1 | C4: 채권322-4 | F4: 보증채권(채무인수) | K4: 정확한 채권금액 확인을 위해 일응 부인함 | L4: 0 | M4: OO OO 상업시설 개발사업 주채무자 : ㈜OO
F5: 1. 원금 | G5: 6000000000 | H5: 0 | I5: =G5 -> 6000000000 | J5: 0 | N5: =G5 -> 6000000000 | O5: =H5 -> 0 | P5: =I5 -> 6000000000 | Q5: =J5 -> 0
F6: 2. 개시전 이자 | G6: 0 | H6: 0 | I6: 0 | J6: =H6 -> 0
F7: 3. 개시후 이자 | G7: 0 | H7: 0 | I7: 0 | J7: =H7 -> 0
F8: 합계 | G8: =SUM(G5:G7) -> 6000000000 | H8: =SUM(H5:H7) -> 0 | I8: =SUM(I5:I7) -> 6000000000 | J8: =SUM(J5:J7) -> 0
A9: =A4+1 -> 2 | B9: 채권2 | C9: 채권246 | F9: 상거래채권 | L9: 0 | M9: 2022.1.12 자 신고로 목록 실효 신고번호 채권 4 어음번호: 08820211007000002425, 발행일자:2021.10.07, 만기일자: 2022.01.05 최초수취인: ㈜OO아이디 부도전자어음보유확인서 확인(2022.01.11)
F10: 1. 원금 | G10: 4000000 | H10: =G10 -> 4000000 | I10: 0 | J10: =H10 -> 4000000 | N10: =G10 -> 4000000 | O10: =H10 -> 4000000 | P10: =I10 -> 0 | Q10: =J10 -> 4000000
F11: 2. 개시전 이자 | G11: 0 | H11: 0 | I11: 0 | J11: =H11 -> 0
F12: 3. 개시후 이자 | G12: 0 | H12: 0 | I12: 0 | J12: =H12 -> 0
F13: 합계 | G13: =SUM(G10:G12) -> 4000000 | H13: =SUM(H10:H12) -> 4000000 | I13: =SUM(I10:I12) -> 0 | J13: =SUM(J10:J12) -> 4000000
A14: =A9+1 -> 3 | B14: 채권3 | C14: 채권117 | F14: 신용카드채권 | L14: 0 | M14: 2022.1.12 자 신고로 목록실효
F15: 1. 원금 | G15: 7498480 | H15: =G15 -> 7498480 | I15: 0 | J15: =H15 -> 7498480 | N15: =G15 -> 7498480 | O15: =H15 -> 7498480 | P15: =I15 -> 0 | Q15: =J15 -> 7498480
F16: 2. 개시전 이자 | G16: 8468 | H16: =G16 -> 8468 | I16: 0 | J16: =H16 -> 8468
F17: 3. 개시후 이자 | G17: 0 | H17: 0 | I17: 0 | J17: =H17 -> 0
F18: 합계 | G18: =SUM(G15:G17) -> 7506948 | H18: =SUM(H15:H17) -> 7506948 | I18: =SUM(I15:I17) -> 0 | J18: =SUM(J15:J17) -> 7506948
A19: =A14+1 -> 4 | B19: 채권4 | C19: 채권10 | F19: 상거래채권 | L19: 0 | M19: 2022.1.13 자 신고로 목록 실효
F20: 1. 원금 | G20: 5940000 | H20: =G20 -> 5940000 | I20: 0 | J20: =H20 -> 5940000 | N20: =G20 -> 5940000 | O20: =H20 -> 5940000 | P20: =I20 -> 0 | Q20: =J20 -> 5940000
F21: 2. 개시전 이자 | G21: 0 | H21: 0 | I21: 0 | J21: =H21 -> 0
F22: 3. 개시후 이자 | G22: 0 | H22: 0 | I22: 0 | J22: =H22 -> 0
F23: 합계 | G23: =SUM(G20:G22) -> 5940000 | H23: =SUM(H20:H22) -> 5940000 | I23: =SUM(I20:I22) -> 0 | J23: =SUM(J20:J22) -> 5940000
A24: =A19+1 -> 5 | B24: 채권5 | C24: 채권223 | F24: 상거래채권 | L24: 0 | M24: 2022. 1. 14. 자 신고로 목록 실효
F25: 1. 원금 | G25: 26427500 | H25: =G25 -> 26427500 | I25: 0 | J25: =H25 -> 26427500 | N25: =G25 -> 26427500 | O25: =H25 -> 26427500 | P25: =I25 -> 0 | Q25: =J25 -> 26427500
F26: 2. 개시전 이자 | G26: 0 | H26: 0 | I26: 0 | J26: =H26 -> 0
F27: 3. 개시후 이자 | G27: 0 | H27: 0 | I27: 0 | J27: =H27 -> 0
F28: 합계 | G28: =SUM(G25:G27) -> 26427500 | H28: =SUM(H25:H27) -> 26427500 | I28: =SUM(I25:I27) -> 0 | J28: =SUM(J25:J27) -> 26427500
A29: =A24+1 -> 6 | B29: 채권6-1 | C29: 채권215-1 | F29: 상거래채권 | K29: 어음원본 확인할 수 없어 일응 부인함 | L29: 0 | M29: 2022. 1. 17. 자 신고로 목록 실효 1. 신고번호 채권 8-1 어음번호: 08820211110000005445, 발행일자:2021.11.10, 만기일자: 2022.02.08 최초수취인: ㈜OO스톤 OO은행[신고번호:채권63]앞 배서양도(어음할인) 220,000,000원
F30: 1. 원금 | G30: 254000000 | H30: 0 | I30: =G30 -> 254000000 | J30: =H30 -> 0 | N30: =G30 -> 254000000 | O30: =H30 -> 0 | P30: =I30 -> 254000000 | Q30: =J30 -> 0
F31: 2. 개시전 이자 | G31: 0 | H31: 0 | I31: 0 | J31: =H31 -> 0
F32: 3. 개시후 이자 | G32: 0 | H32: 0 | I32: 0 | J32: =H32 -> 0
F33: 합계 | G33: =SUM(G30:G32) -> 254000000 | H33: =SUM(H30:H32) -> 0 | I33: =SUM(I30:I32) -> 254000000 | J33: =SUM(J30:J32) -> 0
B34: 채권6-2 | C34: 채권215-2 | F34: 상거래채권 | K34: 채무없음으로 일응 부인함 | L34: 0
F35: 1. 원금 | G35: 40700000 | H35: 0 | I35: =G35 -> 40700000 | J35: =H35 -> 0 | N35: =G35 -> 40700000 | O35: =H35 -> 0 | P35: =I35 -> 40700000 | Q35: =J35 -> 0
F36: 2. 개시전 이자 | G36: 0 | H36: 0 | I36: 0 | J36: =H36 -> 0
F37: 3. 개시후 이자 | G37: 0 | H37: 0 | I37: 0 | J37: =H37 -> 0
F38: 합계 | G38: =SUM(G35:G37) -> 40700000 | H38: =SUM(H35:H37) -> 0 | I38: =SUM(I35:I37) -> 40700000 | J38: =SUM(J35:J37) -> 0
B39: ***합계
F40: 1. 원금 | G40: =G30+G35 -> 294700000 | H40: =H30+H35 -> 0 | I40: =I30+I35 -> 294700000 | J40: =J30+J35 -> 0
F41: 2. 개시전 이자 | G41: =G31+G36 -> 0 | H41: =H31+H36 -> 0 | I41: =I31+I36 -> 0 | J41: =J31+J36 -> 0
F42: 3. 개시후 이자 | G42: =G32+G37 -> 0 | H42: =H32+H37 -> 0 | I42: =I32+I37 -> 0 | J42: =J32+J37 -> 0
F43: 합계 | G43: =SUM(G40:G42) -> 294700000 | H43: =SUM(H40:H42) -> 0 | I43: =SUM(I40:I42) -> 294700000 | J43: =SUM(J40:J42) -> 0
A44: =A29+1 -> 7 | B44: 채권7 | F44: 지체상금 | K44: 소송중이므로 일응 부인함 | L44: 0 | M44: 1. 2022. 1. 17. 자 신고
F45: 1. 원금 | G45: 3135763251 | I45: =G45 -> 3135763251 | J45: =H45 -> 0 | M45: OO OOO 주상복합 서울중앙지방법원 20**가합 ***050, 20**가합***426 | N45: =G45 -> 3135763251 | O45: =H45 -> 0 | P45: =I45 -> 3135763251 | Q45: =J45 -> 0
F46: 2. 개시전 이자 | G46: 107217329 | I46: =G46 -> 107217329 | J46: =H46 -> 0
F47: 3. 개시후 이자 | G47: 연6% | I47: =G47 -> 연6% | J47: 0
F48: 합계 | G48: =SUM(G45:G47) -> 3242980580 | H48: =SUM(H45:H47) -> 0 | I48: =SUM(I45:I47) -> 3242980580 | J48: =SUM(J45:J47) -> 0
A49: =A44+1 -> 8 | B49: 채권8 | C49: 채권274 | F49: 상거래채권 | L49: 0 | M49: 2022. 1. 18. 자 신고로 목록 실효 어음번호:08820211111000003255, 376,200원, 발행일자:2021.11.11. 만기일자:2022.02.10. 최초수취인:***업㈜ 어음번호:08820211012000001631, 6,601,320원, 발행일자:2021.10.12. 만기일자:2022.01.08. 최초수취인:***업㈜
F50: 1. 원금 | G50: 72880500 | H50: =G50 -> 72880500 | I50: 0 | J50: =H50 -> 72880500 | N50: =G50 -> 72880500 | O50: =H50 -> 72880500 | P50: =I50 -> 0 | Q50: =J50 -> 72880500
F51: 2. 개시전 이자 | G51: 0 | H51: 0 | I51: 0 | J51: =H51 -> 0
F52: 3. 개시후 이자 | G52: 0 | H52: 0 | I52: 0 | J52: =H52 -> 0 | M52: 어음번호:08820210909000000393, 65,902,980원, 발행일자:2021.09.09. 만기일자:2021.12.08. 최초수취인:***기업㈜
F53: 합계 | G53: =SUM(G50:G52) -> 72880500 | H53: =SUM(H50:H52) -> 72880500 | I53: =SUM(I50:I52) -> 0 | J53: =SUM(J50:J52) -> 72880500 | M53: 부도전자어음보유확인서 확인(2022.01.13, 2022.01.18)
A54: =A49+1 -> 9 | B54: 채권9 | C54: 채권278 | F54: 상거래채권 | K54: 어음원본 확인할 수 없어 일응 부인함 | L54: 0 | M54: 2022. 1. 18. 자 신고로 목록 실효 신고번호 채권 278 어음번호: 08820211012000001741, 발행일자:2021.10.12, 만기일자: 2021.12.18 최초수취인: ㈜****글라스
F55: 1. 원금 | G55: 105813950 | H55: 0 | I55: =G55 -> 105813950 | J55: =H55 -> 0 | N55: =G55 -> 105813950 | O55: =H55 -> 0 | P55: =I55 -> 105813950 | Q55: =J55 -> 0
F56: 2. 개시전 이자 | G56: 0 | H56: 0 | I56: 0 | J56: =H56 -> 0
F57: 3. 개시후 이자 | G57: 0 | H57: 0 | I57: 0 | J57: =H57 -> 0
F58: 합계 | G58: =SUM(G55:G57) -> 105813950 | H58: =SUM(H55:H57) -> 0 | I58: =SUM(I55:I57) -> 105813950 | J58: =SUM(J55:J57) -> 0
A59: =A54+1 -> 10 | B59: 채권10 | F59: 상거래채권 | L59: 0 | M59: 1. 2022. 1. 19. 자 신고
F60: 1. 원금 | G60: 268700000 | H60: =G60 -> 268700000 | I60: 0 | J60: =H60 -> 268700000 | M60: 90,000,000원(08820211007000002687) 178,700,000원(08820211117000001390) 부도일 2021.12.28 최초수취인: ㈜***업 부도전자어음보유확인서 확인(2022.01.14) | N60: =G60 -> 268700000 | O60: =H60 -> 268700000 | P60: =I60 -> 0 | Q60: =J60 -> 268700000
F61: 2. 개시전 이자 | G61: 0 | H61: =G61 -> 0 | I61: 0 | J61: =H61 -> 0
F62: 3. 개시후 이자 | G62: 0 | H62: =G62 -> 0 | I62: 0 | J62: 0
F63: 합계 | G63: =SUM(G60:G62) -> 268700000 | H63: =SUM(H60:H62) -> 268700000 | I63: =SUM(I60:I62) -> 0 | J63: =SUM(J60:J62) -> 268700000
A64: =A59+1 -> 11 | B64: 채권11 | C64: 채권165-1 | F64: 상거래채권 | K64: 신용보증기금[신고번호:채권20] 매출채권 보험계약 보험금 지급(20,350,952원 지급일자 2022.01.20)으로 부인 | L64: 0 | M64: 2022. 1. 19. 자 신고로 목록 실효
F65: 1. 원금 | G65: 11880000 | H65: 5199048 | I65: 6680952 | J65: =H65 -> 5199048 | N65: =G65 -> 11880000 | O65: =H65 -> 5199048 | P65: =I65 -> 6680952 | Q65: =J65 -> 5199048
F66: 2. 개시전 이자 | G66: 0 | H66: 0 | I66: 0 | J66: =H66 -> 0
F67: 3. 개시후 이자 | G67: 0 | H67: 0 | I67: 0 | J67: =H67 -> 0
F68: 합계 | G68: =SUM(G65:G67) -> 11880000 | H68: =SUM(H65:H67) -> 5199048 | I68: =SUM(I65:I67) -> 6680952 | J68: =SUM(J65:J67) -> 5199048
C69: 채권165-2~3 | F69: 상거래채권 | L69: 0 | M69: 2022. 1. 19. 자 신고로 목록 실효
F70: 1. 원금 | G70: =7670000+6000000 -> 13670000 | H70: 0 | I70: =G70 -> 13670000 | J70: =H70 -> 0 | M70: 7,670,000원(08820211007000002409) 만기일자: 2022.01.05 6,000,000원(08820211117000001141) 만기일자: 2022.02.15 최초수취인: ㈜***엔오 | N70: =G70 -> 13670000 | O70: =H70 -> 0 | P70: =I70 -> 13670000 | Q70: =J70 -> 0
F71: 2. 개시전 이자 | G71: 0 | H71: 0 | I71: 0 | J71: =H71 -> 0
F72: 3. 개시후 이자 | G72: 0 | H72: 0 | I72: 0 | J72: =H72 -> 0
F73: 합계 | G73: =SUM(G70:G72) -> 13670000 | H73: =SUM(H70:H72) -> 0 | I73: =SUM(I70:I72) -> 13670000 | J73: =SUM(J70:J72) -> 0
F75: 1. 원금 | G75: =G65+G70 -> 25550000 | H75: =H65+H70 -> 5199048 | I75: =I65+I70 -> 20350952 | J75: =J65+J70 -> 5199048
F76: 2. 개시전 이자 | G76: =G66+G71 -> 0 | H76: =H66+H71 -> 0 | I76: =I66+I71 -> 0 | J76: =J66+J71 -> 0
F77: 3. 개시후 이자 | G77: =G67+G72 -> 0 | H77: =H67+H72 -> 0 | I77: =I67+I72 -> 0 | J77: =J67+J72 -> 0
F78: 합계 | G78: =SUM(G75:G77) -> 25550000 | H78: =SUM(H75:H77) -> 5199048 | I78: =SUM(I75:I77) -> 20350952 | J78: =SUM(J75:J77) -> 5199048
A79: =A64+1 -> 12 | B79: 채권12-1 | C79: 채권192-1 | F79: 상거래채권 | L79: 0 | M79: 2022. 1. 19 자 신고로 목록 실효
F80: 1. 원금 | G80: 2707000 | H80: =G80 -> 2707000 | I80: 0 | J80: =H80 -> 2707000 | N80: =G80 -> 2707000 | O80: =H80 -> 2707000 | P80: =I80 -> 0 | Q80: =J80 -> 2707000
F81: 2. 개시전 이자 | G81: 0 | H81: 0 | I81: 0 | J81: =H81 -> 0
F82: 3. 개시후 이자 | G82: 0 | H82: 0 | I82: 0 | J82: =H82 -> 0
F83: 합계 | G83: =SUM(G80:G82) -> 2707000 | H83: =SUM(H80:H82) -> 2707000 | I83: =SUM(I80:I82) -> 0 | J83: =SUM(J80:J82) -> 2707000
B84: 채권12-2 | C84: 채권192-2 | F84: 상거래채권 | L84: 0 | M84: 2022. 1. 19 자 신고로 목록 실효
F85: 1. 원금 | G85: 30000000 | H85: =G85 -> 30000000 | I85: 0 | J85: =H85 -> 30000000 | M85: 어음번호: 08820210916000004683, 발행일자:2021.09.16, 만기일자: 2021.12.15 부도전자어음보유확인서 확인(2022.01.13) | N85: =G85 -> 30000000 | O85: =H85 -> 30000000 | P85: =I85 -> 0 | Q85: =J85 -> 30000000
F86: 2. 개시전 이자 | G86: 0 | H86: 0 | I86: 0 | J86: =H86 -> 0
F87: 3. 개시후 이자 | G87: 0 | H87: 0 | I87: 0 | J87: =H87 -> 0
F88: 합계 | G88: =SUM(G85:G87) -> 30000000 | H88: =SUM(H85:H87) -> 30000000 | I88: =SUM(I85:I87) -> 0 | J88: =SUM(J85:J87) -> 30000000
B89: 채권12-3 | C89: 채권192-3 | F89: 상거래채권 | L89: 0 | M89: 2022. 1. 19 자 신고로 목록 실효
F90: 1. 원금 | G90: 10000000 | H90: =G90 -> 10000000 | I90: 0 | J90: =H90 -> 10000000 | M90: 어음번호: 08820211007000002700, 발행일자:2021.10.07, 만기일자: 2022.01.05 부도전자어음보유확인서 확인(2022.01.13) | N90: =G90 -> 10000000 | O90: =H90 -> 10000000 | P90: =I90 -> 0 | Q90: =J90 -> 10000000
F91: 2. 개시전 이자 | G91: 0 | H91: 0 | I91: 0 | J91: =H91 -> 0
F92: 3. 개시후 이자 | G92: 0 | H92: 0 | I92: 0 | J92: =H92 -> 0
F93: 합계 | G93: =SUM(G90:G92) -> 10000000 | H93: =SUM(H90:H92) -> 10000000 | I93: =SUM(I90:I92) -> 0 | J93: =SUM(J90:J92) -> 10000000
B94: 채권12-4 | C94: 채권192-4 | F94: 상거래채권 | L94: 0 | M94: 2022. 1. 19 자 신고로 목록 실효
F95: 1. 원금 | G95: 6000000 | H95: =G95 -> 6000000 | I95: 0 | J95: =H95 -> 6000000 | M95: 어음번호: 08820211117000001400, 발행일자:2021.11.17, 만기일자: 2022.02.15 부도전자어음보유확인서 확인(2022.01.13) | N95: =G95 -> 6000000 | O95: =H95 -> 6000000 | P95: =I95 -> 0 | Q95: =J95 -> 6000000
F96: 2. 개시전 이자 | G96: 0 | H96: 0 | I96: 0 | J96: =H96 -> 0
F97: 3. 개시후 이자 | G97: 0 | H97: 0 | I97: 0 | J97: =H97 -> 0
F98: 합계 | G98: =SUM(G95:G97) -> 6000000 | H98: =SUM(H95:H97) -> 6000000 | I98: =SUM(I95:I97) -> 0 | J98: =SUM(J95:J97) -> 6000000
F100: 1. 원금 | G100: =G80+G85+G90+G95 -> 48707000 | H100: =H80+H85+H90+H95 -> 48707000 | I100: =I80+I85+I90+I95 -> 0 | J100: =J80+J85+J90+J95 -> 48707000
F101: 2. 개시전 이자 | G101: =G81+G86+G91+G96 -> 0 | H101: =H81+H86+H91+H96 -> 0 | I101: =I81+I86+I91+I96 -> 0 | J101: =J81+J86+J91+J96 -> 0
F102: 3. 개시후 이자 | G102: =G82+G87+G92+G97 -> 0 | H102: =H82+H87+H92+H97 -> 0 | I102: =I82+I87+I92+I97 -> 0 | J102: =J82+J87+J92+J97 -> 0
...

Sheet 5.간지
A9: 5. 조세·벌금 등의 목록 · 신고 명세서
D158: =G152 -> 0

Sheet 5. 조세ㆍ벌금등 채권자의 목록총괄표
A1: ='5.간지'!A9 -> 5. 조세·벌금 등의 목록 · 신고 명세서
A2: ='4. 회생채권자총괄표'!A2 -> 채무자 : ****건설 주식회사 | H2: (단위 : 원)
A3: 순번 | B3: 신고 번호 | C3: 목록 번호 | D3: 채권자 | E3: 주소 | F3: 채권내용 | G3: 금액 | H3: 비 고
A4: 1 | B4: 조세 1-1 | C4: 조세2 | F4: 주민세 | H4: 1. 2022. 1. 25. 자 신고 2. 부과일 : 2021년 11 3. 납기일 : 2022. 1. 31. 2021년 11월 특별징수분 근로소득 2022.1.18 법원허가후 변제 1,653,890원
F5: 1) 본세 | G5: 1653890
F6: 2) 가산금 | G6: 0
F7: 3) 중가산금 | G7: 0
F8: 소계 | G8: =SUM(G5:G7) -> 1653890
B9: 조세 1-2 | F9: 등록면허세 | H9: 1. 2022. 1. 25. 자 신고 2. 부과일 : 2022년 1월 3. 납기일 : 2022. 1. 31. 2022년 등록면허세
F10: 1) 본세 | G10: 499500
F11: 2) 가산금 | G11: 0
F12: 3) 중가산금 | G12: 0
F13: 소계 | G13: =SUM(G10:G12) -> 499500
B14: 부천시 합계
F15: 1. 본세 | G15: =G5+G10 -> 2153390
F16: 2. 가산금 | G16: =G6+G11 -> 0
F17: 3. 중가산금 | G17: =G7+G12 -> 0
F18: 합계 | G18: =SUM(G15:G17) -> 2153390
A19: 2 | B19: 조세 2 | C19: 조세1 | F19: 법인세 | H19: 1. 2021. 1. 27. 자 신고 2. 납기일 : 2022. 2. 3.
F20: 1) 본세 | G20: 720987790
F21: 2) 가산금 | G21: 114637050
F22: 3) 중가산금 | G22: 0
F23: 소계 | G23: =SUM(G20:G22) -> 835624840
A24: 3 | C24: 조세3 | F24: 지방소득세 | H24: 1. 2021. 9. 9. 자 신고 2. 부과일 : 2021년 7월 , 8월 3. 납기일 : 2020. 9. 10. 2021년 11월 특별징수분 근로소득 2022.1.18 법원허가후 변제
F25: 1) 본세 | G25: 258720
F26: 2) 가산금 | G26: 9500
F27: 3) 중가산금 | G27: 0
F28: 소계 | G28: =SUM(G25:G27) -> 268220
A29: 4 | C29: 조세4 | F29: 지방소득세 | H29: 1. 2021. 9. 9. 자 신고 2. 부과일 : 2021년 7월 , 8월 3. 납기일 : 2020. 9. 10. 2021년 11월 특별징수분 근로소득 2022.1.18 법원허가후 변제
F30: 1) 본세 | G30: 19220
F31: 2) 가산금 | G31: 690
F32: 3) 중가산금 | G32: 0
F33: 소계 | G33: =SUM(G30:G32) -> 19910
A34: 5 | C34: 조세5 | F34: 지방소득세 | H34: 1. 2021. 9. 9. 자 신고 2. 부과일 : 2021년 7월 , 8월 3. 납기일 : 2020. 9. 10. 2021년 11월 특별징수분 근로소득 2022.1.18 법원허가후 변제
F35: 1) 본세 | G35: 130230
F36: 2) 가산금 | G36: 4770
F37: 3) 중가산금 | G37: 0
F38: 소계 | G38: =SUM(G35:G37) -> 135000
A39: 6 | C39: 조세6 | F39: 지방소득세 | H39: 1. 2021. 9. 9. 자 신고 2. 부과일 : 2021년 7월 , 8월 3. 납기일 : 2020. 9. 10. 2021년 11월 특별징수분 근로소득 2022.1.18 법원허가후 변제
F40: 1) 본세 | G40: 32800
F41: 2) 가산금 | G41: 1200
F42: 3) 중가산금 | G42: 0
F43: 소계 | G43: =SUM(G40:G42) -> 34000
A44: 7 | C44: 조세7 | F44: 지방소득세 | H44: 1. 2021. 9. 9. 자 신고 2. 부과일 : 2021년 7월 , 8월 3. 납기일 : 2020. 9. 10. 2021년 11월 특별징수분 근로소득 2022.1.18 법원허가후 변제
F45: 1) 본세 | G45: 117990
F46: 2) 가산금 | G46: 4320
F47: 3) 중가산금 | G47: 0
F48: 소계 | G48: =SUM(G45:G47) -> 122310
A49: 8 | C49: 조세8 | F49: 지방소득세 | H49: 1. 2021. 9. 9. 자 신고 2. 부과일 : 2021년 7월 , 8월 3. 납기일 : 2020. 9. 10. 2021년 11월 특별징수분 근로소득 2022.1.18 법원허가후 변제
F50: 1) 본세 | G50: 199990
F51: 2) 가산금 | G51: 7330
F52: 3) 중가산금 | G52: 0
F53: 소계 | G53: =SUM(G50:G52) -> 207320
A54: 9 | C54: 조세9 | F54: 지방소득세 | H54: 1. 2021. 9. 9. 자 신고 2. 부과일 : 2021년 7월 , 8월 3. 납기일 : 2020. 9. 10. 2021년 11월 특별징수분 근로소득 2022.1.18 법원허가후 변제
F55: 1) 본세 | G55: 168140
F56: 2) 가산금 | G56: 6170
F57: 3) 중가산금 | G57: 0
F58: 소계 | G58: =SUM(G55:G57) -> 174310
A59: 10 | C59: 조세10 | F59: 지방소득세 | H59: 1. 2021. 9. 9. 자 신고 2. 부과일 : 2021년 7월 , 8월 3. 납기일 : 2020. 9. 10. 2021년 11월 특별징수분 근로소득 2022.1.18 법원허가후 변제
F60: 1) 본세 | G60: 482270
F61: 2) 가산금 | G61: 17710
F62: 3) 중가산금 | G62: 0
F63: 소계 | G63: =SUM(G60:G62) -> 499980
A64: 11 | C64: 조세11 | F64: 지방소득세 | H64: 1. 2021. 9. 9. 자 신고 2. 부과일 : 2021년 7월 , 8월 3. 납기일 : 2020. 9. 10. 2021년 11월 특별징수분 근로소득 2022.1.18 법원허가후 변제
F65: 1) 본세 | G65: 9820
F66: 2) 가산금 | G66: 350
F67: 3) 중가산금 | G67: 0
F68: 소계 | G68: =SUM(G65:G67) -> 10170
A69: 12 | C69: 조세12 | F69: 지방소득세 | H69: 1. 2021. 9. 9. 자 신고 2. 부과일 : 2021년 7월 , 8월 3. 납기일 : 2020. 9. 10. 2021년 11월 특별징수분 근로소득 2022.1.18 법원허가후 변제
F70: 1) 본세 | G70: 210780
F71: 2) 가산금 | G71: 7740
F72: 3) 중가산금 | G72: 0
F73: 소계 | G73: =SUM(G70:G72) -> 218520
A74: 13 | C74: 조세13-1 | F74: 건강보험료 | H74: 1. 2021. 9. 9. 자 신고 2. 부과일 : 2021년 7월 , 8월 3. 납기일 : 2020. 9. 10. 2021년 11월 근로소득 2022.1.18 법원허가후 변제
F75: 1) 본세 | G75: 45621640
F76: 2) 가산금 | G76: 821040
F77: 3) 중가산금 | G77: 0
F78: 소계 | G78: =SUM(G75:G77) -> 46442680
C79: 조세13-2 | F79: 국민연금료 | H79: 1. 2021. 9. 9. 자 신고 2. 부과일 : 2021년 7월 , 8월 3. 납기일 : 2020. 9. 10. 2021년 11월 근로소득 2022.1.18 법원허가후 변제
F80: 1) 본세 | G80: 32347230
F81: 2) 가산금 | G81: 0
F82: 3) 중가산금 | G82: 0
F83: 소계 | G83: =SUM(G80:G82) -> 32347230
B84: 국민건강보험공단의 합계
F85: 1. 본세 | G85: =G75+G80 -> 77968870
F86: 2. 가산금 | G86: =G76+G81 -> 821040
F87: 3. 중가산금 | G87: =G77+G82 -> 0
F88: 합계 | G88: =SUM(G85:G87) -> 78789910
A89: 14 | C89: 조세14 | F89: 퇴직공제부금
F90: 1) 본세 | G90: 54614000
F91: 2) 가산금
F92: 3) 중가산금
F93: 소계 | G93: =SUM(G90:G92) -> 54614000
A94: 총 계
F95: 1) 본세 | G95: =SUMIF($F$4:$F$93,$F95,$G$4:$G$93) -> 857354010
F96: 2) 가산금 | G96: =SUMIF($F$4:$F$93,$F96,$G$4:$G$93) -> 115517870
F97: 3) 중가산금 | G97: =SUMIF($F$4:$F$93,$F97,$G$4:$G$93) -> 0
F98: 총계 | G98: =SUM(G95:G97) -> 972871880

Sheet 6.간지
A5: ='6. 주주, 지분권자의 목록 총괄표'!A1 -> 6. 주주, 지분권자의 목록 · 신고 명세서

Sheet 6. 주주, 지분권자의 목록 총괄표
A1: 6. 주주, 지분권자의 목록 · 신고 명세서
A3: ='5. 조세ㆍ벌금등 채권자의 목록총괄표'!A2 -> 채무자 : ****건설 주식회사 | J3: (단위 : 원)
A4: 순번 | B4: 신고 번호 | C4: 목록 번호 | D4: 주주, 지분권자 | E4: 주소 | F4: 주식출자지분의 종류 | G4: 주식수 | H4: 금액 | I4: 비율 | J4: 비 고
A5: 1 | C5: 주주 등 1 | F5: 보통주식 | G5: 31439 | H5: =G5*10000 -> 314390000 | I5: =G5/$G$10 -> 0.10479667
A6: 2 | C6: 주주 등 2 | F6: 보통주식 | G6: 132541 | H6: =G6*10000 -> 1325410000 | I6: =G6/$G$10 -> 0.44180333
A7: 3 | C7: 주주 등 3 | F7: 보통주식 | G7: 54783 | H7: =G7*10000 -> 547830000 | I7: =G7/$G$10 -> 0.18261
A8: 4 | C8: 주주 등 4 | F8: 보통주식 | G8: 42765 | H8: =G8*10000 -> 427650000 | I8: =G8/$G$10 -> 0.14255
A9: 5 | C9: 주주 등 5 | F9: 보통주식 | G9: 38472 | H9: =G9*10000 -> 384720000 | I9: =G9/$G$10 -> 0.12824
A10: 합계 | G10: =SUBTOTAL(9,G5:G9) -> 300000 | H10: =SUBTOTAL(9,H5:H9) -> 3000000000 | I10: =SUBTOTAL(9,I5:I9) -> 1
A11: 주1) 1주당 금액 : 10,000원 주2) 주주명부 기준일 : 회생절차 개시결정일

Sheet 7.첨부간지
A6: 7. 첨부서류
B9: =목차!A17 -> * 감정평가서 - ** 감정평가법인
B10: =목차!A18 -> * 감정평가서 - **** 감정평가법인
B11: =목차!A19 -> * 감정평가서 - ** 감정평가법인 (1)
B12: =목차!A20 -> * 감정평가서 - ** 감정평가법인 (2)
B13: =목차!A21 -> * 국공채평가액
B14: =목차!A22 -> * 건설공제조합 출자좌수 확인원
B15: =목차!A23 -> * 중소기업은행 정기예금 평가액
B16: =목차!A24 -> * 서울보증보험㈜ 미발생구상채권(미확정주채권, 미확정보증채권) 상세내역서
D158: =G152 -> 0
